,position,name,varlab,multiple_answers,probe,ps_text,val0,lab0,val1,lab1,val2,lab2,val3,lab3,val4,lab4,val5,lab5,val6,lab6,val7,lab7,val8,lab8,val9,lab9,val10,lab10,val11,lab11,val12,lab12,val13,lab13,val14,lab14,val15,lab15,val16,lab16,val17,lab17
0,451,m1a3,Have you picked up a (name/names) for the (baby/babies) yet?,0,Have you picked out (a name/names) for the (baby/babies) yet?,Have you picked out (a name/names) for the (baby/babies) yet?,1  (GO TO A3A),YES,2  (SKIP TO A4),NO,nan,,nan,,nan,,nan,,nan,,nan,,nan,,nan,,nan,,nan,,nan,,nan,,nan,,nan,,nan,,nan,
1,452,m1a4,Is respondent married to baby's father?,0,Are you currently married to the father of your new baby?,Are you currently married to the father of your new baby?,1 (GO TO A7),"YES, MARRIED TO FATHER",2 (GO TO A5),"NO, NOT MARRIED TO FATHER",3 (GO TO A8),FATHER UNKNOWN,nan,,nan,,nan,,nan,,nan,,nan,,nan,,nan,,nan,,nan,,nan,,nan,,nan,,nan,,nan,
2,453,m1a5,Will the baby (babies) have the father's last name?,0,Will the (baby/babies) have the father’s last name?,Will the (baby/babies) have the father’s last name?,1,YES,2,NO,-2,DON’T KNOW,nan,,nan,,nan,,nan,,nan,,nan,,nan,,nan,,nan,,nan,,nan,,nan,,nan,,nan,,nan,
3,454,m1a6,Will the father's name be on the birth certificate?,0,Will the father’s name be on the birth certificate?,Will the father’s name be on the birth certificate?,1,YES,2,NO,-2,DON’T KNOW,nan,,nan,,nan,,nan,,nan,,nan,,nan,,nan,,nan,,nan,,nan,,nan,,nan,,nan,,nan,
4,455,m1a7,Has BF visited you in the hospital?,0,Has [BABY’S FATHER] visited you in the hospital?,Has [BABY’S FATHER] visited you in the hospital?,1,YES,2,NO,nan,,nan,,nan,,nan,,nan,,nan,,nan,,nan,,nan,,nan,,nan,,nan,,nan,,nan,,nan,,nan,
5,456,m1a8,When are you going home?,0,When are you going home?,When are you going home?,1,TODAY,2,TOMORROW,3,AFTER TOMORROW,-2,DON’T KNOW,nan,,nan,,nan,,nan,,nan,,nan,,nan,,nan,,nan,,nan,,nan,,nan,,nan,,nan,
6,457,m1a9,Do you feel ready to go home or would you rather stay longer?,0,Do you feel like you are ready to go home or would you rather stay longer?,Do you feel like you are ready to go home or would you rather stay longer?,1,READY TO GO HOME,2,RATHER STAY LONGER,1 (SKIP TO A12),"YES, MARRIED",2 (GO TO A11),"NO, NOT MARRIED",nan,,nan,,nan,,nan,,nan,,nan,,nan,,nan,,nan,,nan,,nan,,nan,,nan,,nan,
7,458,m1a10,Int chk: Is respondent married to (BF)?,0,,,nan,,nan,,nan,,nan,,nan,,nan,,nan,,nan,,nan,,nan,,nan,,nan,,nan,,nan,,nan,,nan,,nan,,nan,
8,459,m1a11a,Will the baby live with mother?,1,Who will the baby live with?,A11A     MOTHER,1,YES,2,NO,nan,,nan,,nan,,nan,,nan,,nan,,nan,,nan,,nan,,nan,,nan,,nan,,nan,,nan,,nan,,nan,
9,460,m1a11b,Will the baby live with father?,1,Who will the baby live with?,A11B    FATHER,1,YES,2,NO,nan,,nan,,nan,,nan,,nan,,nan,,nan,,nan,,nan,,nan,,nan,,nan,,nan,,nan,,nan,,nan,
10,461,m1a11c,Will baby live with other relatives?,1,Who will the baby live with?,A11C    OTHER ADULT RELATIVES,1,YES,2,NO,nan,,nan,,nan,,nan,,nan,,nan,,nan,,nan,,nan,,nan,,nan,,nan,,nan,,nan,,nan,,nan,
11,462,m1a11d,Will baby live with non-relatives?,1,Who will the baby live with?,A11D    NON-RELATIVES,1,YES,2,NO,nan,,nan,,nan,,nan,,nan,,nan,,nan,,nan,,nan,,nan,,nan,,nan,,nan,,nan,,nan,,nan,
12,463,m1a12,Do you have other biological children?,0,Do you have any other biological children?,Do you have any other biological children?,1 (GO TO A12A),YES,2 (SKIP TO A13),NO,nan,,nan,,nan,,nan,,nan,,nan,,nan,,nan,,nan,,nan,,nan,,nan,,nan,,nan,,nan,,nan,
13,464,m1a12a,How many other biological children do you have?,1,Do you have any other biological children?,,1,YES,2,NO,nan,,nan,,nan,,nan,,nan,,nan,,nan,,nan,,nan,,nan,,nan,,nan,,nan,,nan,,nan,,nan,
14,465,m1a13,Did you visit a doctor/other health care professional to check on the pregnancy?,0,"During the time you were pregnant, did you visit a doctor or other health care        professional to check on the pregnancy?","During the time you were pregnant, did you visit a doctor or other health care        professional to check on the pregnancy?",1 (GO TO A13A),YES,2 (SKIP TO A14),NO,nan,,nan,,nan,,nan,,nan,,nan,,nan,,nan,,nan,,nan,,nan,,nan,,nan,,nan,,nan,,nan,
15,466,m1a13a,In which month of pregnancy did you 1st see doctor/other health care provider?,1,"During the time you were pregnant, did you visit a doctor or other health care        professional to check on the pregnancy?",,1,YES,2,NO,nan,,nan,,nan,,nan,,nan,,nan,,nan,,nan,,nan,,nan,,nan,,nan,,nan,,nan,,nan,,nan,
16,467,m1a15,How are you paying for the baby's birth?,0,How are you paying for the baby’s birth?,How are you paying for the baby’s birth?,1,Medicaid,2,Private Insurance,3,"Other, not specified",101,OTHER GOVERNMENT ASSISTANCE,102,SELF-PAY,103,UNINSURED/CHARITY,104,COMB. MEDICAID & PRIVATE,nan,,nan,,nan,,nan,,nan,,nan,,nan,,nan,,nan,,nan,,nan,
17,468,m1a16,Who does the baby looks like?,0,Who (does/do) the (baby/babies) look like?,Who (does/do) the (baby/babies) look like?,1,ME,2,BABY’S FATHER,3,RELATIVE OF MINE,4,RELATIVE OF [BABY’S FATHER],5,"OTHER, NOT SPECIFIED",-2,DON’T KNOW,101,BOTH PARENTS,102,THE BABY’S SIBLING(S),103,HIMSELF/HERSELF,104,COMBINATION OF RELATIVES,nan,,nan,,nan,,nan,,nan,,nan,,nan,,nan,
18,469,cm1age,Constructed - Mother's age (years),1,,,1,YES,2,NO,nan,,nan,,nan,,nan,,nan,,nan,,nan,,nan,,nan,,nan,,nan,,nan,,nan,,nan,,nan,,nan,
19,470,cm1bsex,Constructed - Focal baby's gender,1,,,1,YES,2,NO,nan,,nan,,nan,,nan,,nan,,nan,,nan,,nan,,nan,,nan,,nan,,nan,,nan,,nan,,nan,,nan,
20,471,cm1lbw,Constructed - Low Birth Weight?,1,,,1,YES,2,NO,nan,,nan,,nan,,nan,,nan,,nan,,nan,,nan,,nan,,nan,,nan,,nan,,nan,,nan,,nan,,nan,
21,472,cm1numb,Constructed - Number of babies born at current birth,1,,,1,YES,2,NO,nan,,nan,,nan,,nan,,nan,,nan,,nan,,nan,,nan,,nan,,nan,,nan,,nan,,nan,,nan,,nan,
22,473,m1b0,Int chk: Is father unknown?,0,INTERVIEWER: IS FATHER UNKNOWN?,INTERVIEWER: IS FATHER UNKNOWN?,1 (SKIP TO SECT. C P. 21),YES,2,NO,nan,,nan,,nan,,nan,,nan,,nan,,nan,,nan,,nan,,nan,,nan,,nan,,nan,,nan,,nan,,nan,
23,474,m1b1a,How many years did you know Baby's Father before you got pregnant?,1,Now I’d like to ask you some questions about your relationship with [BABY’S        FATHER],B1A     WRITE IN YEARS o o                B1B     WRITE IN MONTHSo o,1,YES,2,NO,nan,,nan,,nan,,nan,,nan,,nan,,nan,,nan,,nan,,nan,,nan,,nan,,nan,,nan,,nan,,nan,
24,475,m1b1b,How many months did you know Baby's Father before you got pregnant?,1,Now I’d like to ask you some questions about your relationship with [BABY’S        FATHER],B1A     WRITE IN YEARS o o                B1B     WRITE IN MONTHSo o,1,YES,2,NO,nan,,nan,,nan,,nan,,nan,,nan,,nan,,nan,,nan,,nan,,nan,,nan,,nan,,nan,,nan,,nan,
25,476,m1b2,Int chk: Is respondent married (OFFICIAL MARRIAGE VARIABLE)?,0,INTERVIEWER: IS RESPONDENT MARRIED TO BABY’S FATHER?,INTERVIEWER: IS RESPONDENT MARRIED TO BABY’S FATHER?,1 (SKIP TO B22 ON P. 18),"YES, MARRIED",2,"NO, NOT MARRIED",nan,,nan,,nan,,nan,,nan,,nan,,nan,,nan,,nan,,nan,,nan,,nan,,nan,,nan,,nan,,nan,
26,477,m1b3,Which statement best describes your current relationship with Baby's Father?,0,Which of the following statements best describes your current relationship with,Which of the following statements best describes your current relationship with,1 (SKIP TO B8 ON P. 10),We are romantically involved  on a steady basis,2 (SKIP TO B8 ON P. 10),We are involved in an on-again and off-again relationship,3,We are just friends,4,We hardly ever talk to each other,5,We never talk to each other,nan,,nan,,nan,,nan,,nan,,nan,,nan,,nan,,nan,,nan,,nan,,nan,,nan,
27,478,m1b4a,"Why did rom rel end with (BF), Financial Reasons(Don't have work,money)?",1,Why did your romantic relationship with [BABY’S FATHER] end?,"B4A        FINANCIAL REASONS (DON’T HAVE WORK, MONEY)",1,YES,2,NO,nan,,nan,,nan,,nan,,nan,,nan,,nan,,nan,,nan,,nan,,nan,,nan,,nan,,nan,,nan,,nan,
28,479,m1b4b,"Why did rom rel end with (BF), Distance (Don't live in same town)?",1,Why did your romantic relationship with [BABY’S FATHER] end?,B4B        DISTANCE (DON’T LIVE IN SAME TOWN),1,YES,2,NO,nan,,nan,,nan,,nan,,nan,,nan,,nan,,nan,,nan,,nan,,nan,,nan,,nan,,nan,,nan,,nan,
29,480,m1b4c,"Why did rom rel end with (BF), Incarceration ?",1,Why did your romantic relationship with [BABY’S FATHER] end?,B4C        INCARCERATION,1,YES,2,NO,nan,,nan,,nan,,nan,,nan,,nan,,nan,,nan,,nan,,nan,,nan,,nan,,nan,,nan,,nan,,nan,
30,481,m1b4d,"Why did rom rel end with (BF), Relationship Reasons ?",1,Why did your romantic relationship with [BABY’S FATHER] end?,"B4D        RELATIONSHIP REASONS (DON’T GET ALONG,",1,YES,2,NO,nan,,nan,,nan,,nan,,nan,,nan,,nan,,nan,,nan,,nan,,nan,,nan,,nan,,nan,,nan,,nan,
31,482,m1b4e,"Why did rom rel end with (BF), Drug problem ?",1,Why did your romantic relationship with [BABY’S FATHER] end?,B4E        DRUG PROBLEM,1,YES,2,NO,nan,,nan,,nan,,nan,,nan,,nan,,nan,,nan,,nan,,nan,,nan,,nan,,nan,,nan,,nan,,nan,
32,483,m1b4f,"Why did rom rel end with (BF), Violence, Abuse ?",1,Why did your romantic relationship with [BABY’S FATHER] end?,"B4F        VIOLENCE, ABUSE",1,YES,2,NO,nan,,nan,,nan,,nan,,nan,,nan,,nan,,nan,,nan,,nan,,nan,,nan,,nan,,nan,,nan,,nan,
33,484,m1b4g,"Why did rom rel end with (BF), Other?",1,Why did your romantic relationship with [BABY’S FATHER] end?,"B4G       OTHER, NOT SPECIFIED",1,YES,2,NO,102,PREGNANCY,nan,,nan,,nan,,nan,,nan,,nan,,nan,,nan,,nan,,nan,,nan,,nan,,nan,,nan,,nan,
34,485,m1b5a,"In last mo did you and BF, visit with friends?",1,I’m going to read you some things that couples often do together,Visited with friends?,1,YES,2,NO,nan,,nan,,nan,,nan,,nan,,nan,,nan,,nan,,nan,,nan,,nan,,nan,,nan,,nan,,nan,,nan,
35,486,m1b5b,"In last mo did you and BF, go out for entertainment(movie,sports)",1,I’m going to read you some things that couples often do together,"Went out to a movie, sporting event,",1,YES,2,NO,nan,,nan,,nan,,nan,,nan,,nan,,nan,,nan,,nan,,nan,,nan,,nan,,nan,,nan,,nan,,nan,
36,487,m1b5c,"In last mo did you and BF, eat out in a restaurant?",1,I’m going to read you some things that couples often do together,Ate out in a restaurant?,1,YES,2,NO,nan,,nan,,nan,,nan,,nan,,nan,,nan,,nan,,nan,,nan,,nan,,nan,,nan,,nan,,nan,,nan,
37,488,m1b5d,"In last mo did you and BF, help each other solve a problem?",1,I’m going to read you some things that couples often do together,Helped each other solve a problem?,1,YES,2,NO,nan,,nan,,nan,,nan,,nan,,nan,,nan,,nan,,nan,,nan,,nan,,nan,,nan,,nan,,nan,,nan,
38,489,m1b6a,When you and BF tgthr how often did you disagree about money?,1,The following is a list of subjects on which couples often have disagreements,"Money? Would you say it was often,",1,YES,2,NO,nan,,nan,,nan,,nan,,nan,,nan,,nan,,nan,,nan,,nan,,nan,,nan,,nan,,nan,,nan,,nan,
39,490,m1b6b,When you and BF tgthr how often did you disagree about spending time?,1,The following is a list of subjects on which couples often have disagreements,Spending time together?,1,YES,2,NO,nan,,nan,,nan,,nan,,nan,,nan,,nan,,nan,,nan,,nan,,nan,,nan,,nan,,nan,,nan,,nan,
40,491,m1b6c,When you and BF tgthr how often did you disagree about sex?,1,The following is a list of subjects on which couples often have disagreements,Sex?,1,YES,2,NO,nan,,nan,,nan,,nan,,nan,,nan,,nan,,nan,,nan,,nan,,nan,,nan,,nan,,nan,,nan,,nan,
41,492,m1b6d,When you and BF tgthr how often did you disagree about the pregnancy?,1,The following is a list of subjects on which couples often have disagreements,The pregnancy?,1,YES,2,NO,nan,,nan,,nan,,nan,,nan,,nan,,nan,,nan,,nan,,nan,,nan,,nan,,nan,,nan,,nan,,nan,
42,493,m1b6e,When you and BF tgthr how often did you disagree about alcoh/drug use?,1,The following is a list of subjects on which couples often have disagreements,Drinking or drug use ?,1,YES,2,NO,nan,,nan,,nan,,nan,,nan,,nan,,nan,,nan,,nan,,nan,,nan,,nan,,nan,,nan,,nan,,nan,
43,494,m1b6f,When you and BF tgthr how often did you disagree about being faithful?,1,The following is a list of subjects on which couples often have disagreements,Being faithful?,1,YES,2,NO,nan,,nan,,nan,,nan,,nan,,nan,,nan,,nan,,nan,,nan,,nan,,nan,,nan,,nan,,nan,,nan,
44,495,m1b7a,How often BF was fair and willing to compromise?,1,"Thinking about your past relationship with [BABY’S FATHER], how often would you   say that:",He was fair and willing to compromise,1,YES,2,NO,nan,,nan,,nan,,nan,,nan,,nan,,nan,,nan,,nan,,nan,,nan,,nan,,nan,,nan,,nan,,nan,
45,496,m1b7b,How often did BF hit you when he was angry?,1,"Thinking about your past relationship with [BABY’S FATHER], how often would you   say that:",He hit or slapped you when he,1,YES,2,NO,nan,,nan,,nan,,nan,,nan,,nan,,nan,,nan,,nan,,nan,,nan,,nan,,nan,,nan,,nan,,nan,
46,497,m1b7c,How often did BF expressed affection or love to you?,1,"Thinking about your past relationship with [BABY’S FATHER], how often would you   say that:",He expressed affection or love for you?,1,YES,2,NO,nan,,nan,,nan,,nan,,nan,,nan,,nan,,nan,,nan,,nan,,nan,,nan,,nan,,nan,,nan,,nan,
47,498,m1b7d,How often did BF criticized you or your ideas?,1,"Thinking about your past relationship with [BABY’S FATHER], how often would you   say that:",He insulted or criticized you or your ideas?,1,YES,2,NO,nan,,nan,,nan,,nan,,nan,,nan,,nan,,nan,,nan,,nan,,nan,,nan,,nan,,nan,,nan,,nan,
48,499,m1b7e,How often did BF encourage you do things that were important to you?,1,"Thinking about your past relationship with [BABY’S FATHER], how often would you   say that:",He encouraged or helped you to do things,1,YES,2,NO,nan,,nan,,nan,,nan,,nan,,nan,,nan,,nan,,nan,,nan,,nan,,nan,,nan,,nan,,nan,,nan,
49,500,m1b8,Are you and BF living together now?,0,Are you and [BABY’S FATHER] living together now?,Are you and [BABY’S FATHER] living together now?,1 (GO TO Q.B10 ON P. 12),YES,2,NO,nan,,nan,,nan,,nan,,nan,,nan,,nan,,nan,,nan,,nan,,nan,,nan,,nan,,nan,,nan,,nan,
50,501,m1b9,Do you and BF have plans to live together or marry in the future?,0,Do you and [BABY’S FATHER] have plans to live together or marry in the future?,Do you and [BABY’S FATHER] have plans to live together or marry in the future?,1 (GO TO Q.B9B ON P. 11),YES,2,NO,1,"LIKE MARRIED, DON’T APPROVE OF MARRIAGE)",nan,,nan,,nan,,nan,,nan,,nan,,nan,,nan,,nan,,nan,,nan,,nan,,nan,,nan,,nan,
51,502,m1b9a1,"Reasons no plan to live tgthr, No need to marry?",1,Do you and [BABY’S FATHER] have plans to live together or marry in the future?,,1,YES,2,NO,nan,,nan,,nan,,nan,,nan,,nan,,nan,,nan,,nan,,nan,,nan,,nan,,nan,,nan,,nan,,nan,
52,503,m1b9a2,"Reasons no plan to live tgthr, Timing problem ?",1,Do you and [BABY’S FATHER] have plans to live together or marry in the future?,"B9A2    TIMING PROBLEM (HAVEN’T SET DATE,",1,YES,2,NO,nan,,nan,,nan,,nan,,nan,,nan,,nan,,nan,,nan,,nan,,nan,,nan,,nan,,nan,,nan,,nan,
53,504,m1b9a3,"Reason no plan to live tgthr, Financial Reasons ?",1,Do you and [BABY’S FATHER] have plans to live together or marry in the future?,"B9A3    FINANCIAL REASONS (DON’T HAVE WORK,",1,YES,2,NO,nan,,nan,,nan,,nan,,nan,,nan,,nan,,nan,,nan,,nan,,nan,,nan,,nan,,nan,,nan,,nan,
54,505,m1b9a4,"Reasons no plan to live tgthr, Distance ?",1,Do you and [BABY’S FATHER] have plans to live together or marry in the future?,B9A4    DISTANCE (DON’T LIVE IN SAME TOWN),1,YES,2,NO,nan,,nan,,nan,,nan,,nan,,nan,,nan,,nan,,nan,,nan,,nan,,nan,,nan,,nan,,nan,,nan,
55,506,m1b9a5,"Reasons no plan to live tgthr, Incarceration ?",1,Do you and [BABY’S FATHER] have plans to live together or marry in the future?,B9A5    INCARCERATION,1,YES,2,NO,nan,,nan,,nan,,nan,,nan,,nan,,nan,,nan,,nan,,nan,,nan,,nan,,nan,,nan,,nan,,nan,
56,507,m1b9a6,"Reasons no plan to live tgthr, Housing reasons ?",1,Do you and [BABY’S FATHER] have plans to live together or marry in the future?,B9A6    HOUSING REASONS (NO   PLACE TO LIVE),1,YES,2,NO,nan,,nan,,nan,,nan,,nan,,nan,,nan,,nan,,nan,,nan,,nan,,nan,,nan,,nan,,nan,,nan,
57,508,m1b9a7,"Reason  no plan to live tgthr, Relationship reasons ?",1,Do you and [BABY’S FATHER] have plans to live together or marry in the future?,"B9A7    RELATIONSHIP REASONS (DON’T GET ALONG,",1,YES,2,NO,nan,,nan,,nan,,nan,,nan,,nan,,nan,,nan,,nan,,nan,,nan,,nan,,nan,,nan,,nan,,nan,
58,509,m1b9a8,"Reasons no plan to live tgthr, Drug problem ?",1,Do you and [BABY’S FATHER] have plans to live together or marry in the future?,B9A8    DRUG PROBLEM,1,YES,2,NO,nan,,nan,,nan,,nan,,nan,,nan,,nan,,nan,,nan,,nan,,nan,,nan,,nan,,nan,,nan,,nan,
59,510,m1b9a9,"Reasons no plan to live tgthr, Violence, abuse ?",1,Do you and [BABY’S FATHER] have plans to live together or marry in the future?,"B9A9    VIOLENCE, ABUSE",1,YES,2,NO,nan,,nan,,nan,,nan,,nan,,nan,,nan,,nan,,nan,,nan,,nan,,nan,,nan,,nan,,nan,,nan,
60,511,m1b9a10,"Reasons no plan to live tgthr, Haven't talked about it ?",1,Do you and [BABY’S FATHER] have plans to live together or marry in the future?,"B9A10   HAVEN’T TALKED ABOUT IT (NO REASON,",1,YES,2,NO,nan,,nan,,nan,,nan,,nan,,nan,,nan,,nan,,nan,,nan,,nan,,nan,,nan,,nan,,nan,,nan,
61,512,m1b9a11,"Reasons no plan to live tgthr, Other specify ?",1,Do you and [BABY’S FATHER] have plans to live together or marry in the future?,"B9A11   OTHER, NOT SPECIFIED",1,YES,2,NO,1,"LIKE MARRIED, DON’T APPROVE OF MARRIAGE)",nan,,nan,,nan,,nan,,nan,,nan,,nan,,nan,,nan,,nan,,nan,,nan,,nan,,nan,,nan,
62,513,m1b9b1,"Reasons aren't living tgthr, No need to marry ?",1,Do you and [BABY’S FATHER] have plans to live together or marry in the future?,,1,YES,2,NO,nan,,nan,,nan,,nan,,nan,,nan,,nan,,nan,,nan,,nan,,nan,,nan,,nan,,nan,,nan,,nan,
63,514,m1b9b2,"Reasons aren't living tgthr, Timing problem ?",1,Do you and [BABY’S FATHER] have plans to live together or marry in the future?,"B9B2       TIMING PROBLEM (HAVEN’T SET DATE,",1,YES,2,NO,nan,,nan,,nan,,nan,,nan,,nan,,nan,,nan,,nan,,nan,,nan,,nan,,nan,,nan,,nan,,nan,
64,515,m1b9b3,"Reasons aren't living tgthr, Financial Reasons ?",1,Do you and [BABY’S FATHER] have plans to live together or marry in the future?,"B9B3       FINANCIAL REASONS (DON’T HAVE WORK,",1,YES,2,NO,nan,,nan,,nan,,nan,,nan,,nan,,nan,,nan,,nan,,nan,,nan,,nan,,nan,,nan,,nan,,nan,
65,516,m1b9b4,"Reasons aren't living tgthr, Distance ?",1,Do you and [BABY’S FATHER] have plans to live together or marry in the future?,B9B4       DISTANCE (DON’T LIVE IN SAME TOWN),1,YES,2,NO,nan,,nan,,nan,,nan,,nan,,nan,,nan,,nan,,nan,,nan,,nan,,nan,,nan,,nan,,nan,,nan,
66,517,m1b9b5,"Reasons aren't living tgthr, Incarceration ?",1,Do you and [BABY’S FATHER] have plans to live together or marry in the future?,B9B5       INCARCERATION,1,YES,2,NO,nan,,nan,,nan,,nan,,nan,,nan,,nan,,nan,,nan,,nan,,nan,,nan,,nan,,nan,,nan,,nan,
67,518,m1b9b6,"Reasons aren't living tgthr, Housing reasons ?",1,Do you and [BABY’S FATHER] have plans to live together or marry in the future?,B9B6       HOUSING REASONS (NO   PLACE TO LIVE),1,YES,2,NO,nan,,nan,,nan,,nan,,nan,,nan,,nan,,nan,,nan,,nan,,nan,,nan,,nan,,nan,,nan,,nan,
68,519,m1b9b7,"Reasons aren't living tgthr, Relationship reasons ?",1,Do you and [BABY’S FATHER] have plans to live together or marry in the future?,"B9B7       RELATIONSHIP REASONS (DON’T GET ALONG,",1,YES,2,NO,nan,,nan,,nan,,nan,,nan,,nan,,nan,,nan,,nan,,nan,,nan,,nan,,nan,,nan,,nan,,nan,
69,520,m1b9b8,"Reasons aren't living tgthr, Drug problem ?",1,Do you and [BABY’S FATHER] have plans to live together or marry in the future?,B9B8       DRUG PROBLEM,1,YES,2,NO,nan,,nan,,nan,,nan,,nan,,nan,,nan,,nan,,nan,,nan,,nan,,nan,,nan,,nan,,nan,,nan,
70,521,m1b9b9,"Reasons aren't living tgthr, Violence, abuse ?",1,Do you and [BABY’S FATHER] have plans to live together or marry in the future?,"B9B9       VIOLENCE, ABUSE",1,YES,2,NO,nan,,nan,,nan,,nan,,nan,,nan,,nan,,nan,,nan,,nan,,nan,,nan,,nan,,nan,,nan,,nan,
71,522,m1b9b10,"Reasons aren't living tgthr, Haven't talked about it ?",1,Do you and [BABY’S FATHER] have plans to live together or marry in the future?,"B9B10     HAVEN’T TALKED ABOUT IT (NO REASON,",1,YES,2,NO,nan,,nan,,nan,,nan,,nan,,nan,,nan,,nan,,nan,,nan,,nan,,nan,,nan,,nan,,nan,,nan,
72,523,m1b9b11,"Reasons aren't living tgthr, Other specify?",1,Do you and [BABY’S FATHER] have plans to live together or marry in the future?,"B9B11     OTHER, NOT SPECIFIED",1,YES,2,NO,nan,,nan,,nan,,nan,,nan,,nan,,nan,,nan,,nan,,nan,,nan,,nan,,nan,,nan,,nan,,nan,
73,524,m1b10,Do you and BF have plans to marry in the future?,0,Do you and [BABY’S FATHER] have plans to marry in the future?,Do you and [BABY’S FATHER] have plans to marry in the future?,1 (SKIP TO B10B),YES,2,NO,1,"LIKE MARRIED, DON’T APPROVE OF MARRIAGE)",nan,,nan,,nan,,nan,,nan,,nan,,nan,,nan,,nan,,nan,,nan,,nan,,nan,,nan,,nan,
74,525,m1b10a1,"Reasons no plan to marry, No need to marry ?",1,Do you and [BABY’S FATHER] have plans to marry in the future?,,1,YES,2,NO,nan,,nan,,nan,,nan,,nan,,nan,,nan,,nan,,nan,,nan,,nan,,nan,,nan,,nan,,nan,,nan,
75,526,m1b10a2,"Reason no plan to marry, Timing problem ?",1,Do you and [BABY’S FATHER] have plans to marry in the future?,"B10A2   TIMING PROBLEM (HAVEN’T SET DATE,",1,YES,2,NO,nan,,nan,,nan,,nan,,nan,,nan,,nan,,nan,,nan,,nan,,nan,,nan,,nan,,nan,,nan,,nan,
76,527,m1b10a3,"Reason no plan to marry, Financial reasons ?",1,Do you and [BABY’S FATHER] have plans to marry in the future?,"B10A3   FINANCIAL REASONS (DON’T HAVE WORK,",1,YES,2,NO,nan,,nan,,nan,,nan,,nan,,nan,,nan,,nan,,nan,,nan,,nan,,nan,,nan,,nan,,nan,,nan,
77,528,m1b10a4,"Reason no plan to marry, Distance ?",1,Do you and [BABY’S FATHER] have plans to marry in the future?,B10A4   DISTANCE (DON’T LIVE IN SAME TOWN),1,YES,2,NO,nan,,nan,,nan,,nan,,nan,,nan,,nan,,nan,,nan,,nan,,nan,,nan,,nan,,nan,,nan,,nan,
78,529,m1b10a5,"Reason no plan to marry, Incarceration?",1,Do you and [BABY’S FATHER] have plans to marry in the future?,B10A5   INCARCERATION,1,YES,2,NO,nan,,nan,,nan,,nan,,nan,,nan,,nan,,nan,,nan,,nan,,nan,,nan,,nan,,nan,,nan,,nan,
79,530,m1b10a6,"Reason no plan to marry, Housing reasons ?",1,Do you and [BABY’S FATHER] have plans to marry in the future?,B10A6   HOUSING REASONS (NO   PLACE TO LIVE),1,YES,2,NO,nan,,nan,,nan,,nan,,nan,,nan,,nan,,nan,,nan,,nan,,nan,,nan,,nan,,nan,,nan,,nan,
80,531,m1b10a7,"Reason no plan to marry, Relationship reasons ?",1,Do you and [BABY’S FATHER] have plans to marry in the future?,"B10A7   RELATIONSHIP REASONS (DON’T GET ALONG,",1,YES,2,NO,nan,,nan,,nan,,nan,,nan,,nan,,nan,,nan,,nan,,nan,,nan,,nan,,nan,,nan,,nan,,nan,
81,532,m1b10a8,"Reason no plan to marry, Drug problem?",1,Do you and [BABY’S FATHER] have plans to marry in the future?,B10A8   DRUG PROBLEM,1,YES,2,NO,nan,,nan,,nan,,nan,,nan,,nan,,nan,,nan,,nan,,nan,,nan,,nan,,nan,,nan,,nan,,nan,
82,533,m1b10a9,"Reason no plan to marry, Violence, abuse?",1,Do you and [BABY’S FATHER] have plans to marry in the future?,"B10A9   VIOLENCE, ABUSE",1,YES,2,NO,nan,,nan,,nan,,nan,,nan,,nan,,nan,,nan,,nan,,nan,,nan,,nan,,nan,,nan,,nan,,nan,
83,534,m1b10a10,"Reason no plan to marry, Haven't talked about it ?",1,Do you and [BABY’S FATHER] have plans to marry in the future?,"B10A10 HAVEN’T TALKED ABOUT IT (NO REASON,",1,YES,2,NO,nan,,nan,,nan,,nan,,nan,,nan,,nan,,nan,,nan,,nan,,nan,,nan,,nan,,nan,,nan,,nan,
84,535,m1b10a11,"Reason no plan to marry, Other specify?",1,Do you and [BABY’S FATHER] have plans to marry in the future?,"B10A11 OTHER, NOT SPECIFIED",1,YES,2,NO,102,LEGAL/RESIDENCY PROBLEMS,1,"LIKE MARRIED, DON’T APPROVE OF MARRIAGE)",nan,,nan,,nan,,nan,,nan,,nan,,nan,,nan,,nan,,nan,,nan,,nan,,nan,,nan,
85,536,m1b10b1,"Reasons aren't married now, No need to marry ?",1,Do you and [BABY’S FATHER] have plans to marry in the future?,,1,YES,2,NO,nan,,nan,,nan,,nan,,nan,,nan,,nan,,nan,,nan,,nan,,nan,,nan,,nan,,nan,,nan,,nan,
86,537,m1b10b2,"Reasons aren't married now, Timing problem ?",1,Do you and [BABY’S FATHER] have plans to marry in the future?,"B10B2  TIMING PROBLEM (HAVEN’T SET DATE,",1,YES,2,NO,nan,,nan,,nan,,nan,,nan,,nan,,nan,,nan,,nan,,nan,,nan,,nan,,nan,,nan,,nan,,nan,
87,538,m1b10b3,"Reasons aren't married now, Financial Reasons ?",1,Do you and [BABY’S FATHER] have plans to marry in the future?,"B10B3  FINANCIAL REASONS (DON’T HAVE WORK,",1,YES,2,NO,nan,,nan,,nan,,nan,,nan,,nan,,nan,,nan,,nan,,nan,,nan,,nan,,nan,,nan,,nan,,nan,
88,539,m1b10b4,"Reasons aren't married now, Distance ?",1,Do you and [BABY’S FATHER] have plans to marry in the future?,B10B4  DISTANCE (DON’T LIVE IN SAME TOWN),1,YES,2,NO,nan,,nan,,nan,,nan,,nan,,nan,,nan,,nan,,nan,,nan,,nan,,nan,,nan,,nan,,nan,,nan,
89,540,m1b10b5,"Reasons aren't married now, Incarceration?",1,Do you and [BABY’S FATHER] have plans to marry in the future?,B10B5  INCARCERATION,1,YES,2,NO,nan,,nan,,nan,,nan,,nan,,nan,,nan,,nan,,nan,,nan,,nan,,nan,,nan,,nan,,nan,,nan,
90,541,m1b10b6,"Reasons aren't married now, Housing reasons ?",1,Do you and [BABY’S FATHER] have plans to marry in the future?,B10B6  HOUSING REASONS (NO   PLACE TO LIVE),1,YES,2,NO,nan,,nan,,nan,,nan,,nan,,nan,,nan,,nan,,nan,,nan,,nan,,nan,,nan,,nan,,nan,,nan,
91,542,m1b10b7,"Reasons aren't married now, Relationship reasons ?",1,Do you and [BABY’S FATHER] have plans to marry in the future?,"B10B7  RELATIONSHIP REASONS (DON’T GET ALONG,",1,YES,2,NO,nan,,nan,,nan,,nan,,nan,,nan,,nan,,nan,,nan,,nan,,nan,,nan,,nan,,nan,,nan,,nan,
92,543,m1b10b8,"Reasons aren't married now, Drug problem?",1,Do you and [BABY’S FATHER] have plans to marry in the future?,B10B8  DRUG PROBLEM,1,YES,2,NO,nan,,nan,,nan,,nan,,nan,,nan,,nan,,nan,,nan,,nan,,nan,,nan,,nan,,nan,,nan,,nan,
93,544,m1b10b9,"Reasons aren't married now, Violence, abuse?",1,Do you and [BABY’S FATHER] have plans to marry in the future?,"B10B9  VIOLENCE, ABUSE",1,YES,2,NO,nan,,nan,,nan,,nan,,nan,,nan,,nan,,nan,,nan,,nan,,nan,,nan,,nan,,nan,,nan,,nan,
94,545,m1b10b10,"Reasons aren't married now, Haven't talked about it?",1,Do you and [BABY’S FATHER] have plans to marry in the future?,"B10B10 HAVEN’T TALKED ABOUT IT (NO REASON,",1,YES,2,NO,nan,,nan,,nan,,nan,,nan,,nan,,nan,,nan,,nan,,nan,,nan,,nan,,nan,,nan,,nan,,nan,
95,546,m1b10b11,"Reasons aren't married now, Other specify?",1,Do you and [BABY’S FATHER] have plans to marry in the future?,"B10B11 OTHER, NOT SPECIFIED",1,YES,2,NO,102,LEGAL/RESIDENCY PROBLEMS,nan,,nan,,nan,,nan,,nan,,nan,,nan,,nan,,nan,,nan,,nan,,nan,,nan,,nan,,nan,
96,547,m1b11a,"In last mo, did you and BF visited with friends?",1,I’m going to read you some things that couples often do together,Visited with friends?,1,YES,2,NO,nan,,nan,,nan,,nan,,nan,,nan,,nan,,nan,,nan,,nan,,nan,,nan,,nan,,nan,,nan,,nan,
97,548,m1b11b,"In last mo, did you and BF went out for entertainment(movie,sport)?",1,I’m going to read you some things that couples often do together,"Gone out to a movie, sporting event,",1,YES,2,NO,nan,,nan,,nan,,nan,,nan,,nan,,nan,,nan,,nan,,nan,,nan,,nan,,nan,,nan,,nan,,nan,
98,549,m1b11c,"In last mo, did you and BF eat out in a restaurant?",1,I’m going to read you some things that couples often do together,Ate out in a restaurant?,1,YES,2,NO,nan,,nan,,nan,,nan,,nan,,nan,,nan,,nan,,nan,,nan,,nan,,nan,,nan,,nan,,nan,,nan,
99,550,m1b11d,"In last mo, did you and BF did help each other to solve a problem?",1,I’m going to read you some things that couples often do together,Helped each other solve a problem?,1,YES,2,NO,nan,,nan,,nan,,nan,,nan,,nan,,nan,,nan,,nan,,nan,,nan,,nan,,nan,,nan,,nan,,nan,
100,551,m1b12a,"In last mo, how often did you and BF disagree about money?",1,The following is a list of subjects on which couples often have disagreements,"Money? Would you say often,",1,YES,2,NO,nan,,nan,,nan,,nan,,nan,,nan,,nan,,nan,,nan,,nan,,nan,,nan,,nan,,nan,,nan,,nan,
101,552,m1b12b,"In last mo, how often did you and BF disagree about spending time?",1,The following is a list of subjects on which couples often have disagreements,Spending time together?,1,YES,2,NO,nan,,nan,,nan,,nan,,nan,,nan,,nan,,nan,,nan,,nan,,nan,,nan,,nan,,nan,,nan,,nan,
102,553,m1b12c,"In last mo, how often did you and BF disagree about sex?",1,The following is a list of subjects on which couples often have disagreements,Sex?,1,YES,2,NO,nan,,nan,,nan,,nan,,nan,,nan,,nan,,nan,,nan,,nan,,nan,,nan,,nan,,nan,,nan,,nan,
103,554,m1b12d,"In last mo, how often did you and BF disagree about the pregnancy?",1,The following is a list of subjects on which couples often have disagreements,The pregnancy?,1,YES,2,NO,nan,,nan,,nan,,nan,,nan,,nan,,nan,,nan,,nan,,nan,,nan,,nan,,nan,,nan,,nan,,nan,
104,555,m1b12e,"In last mo, how often did you and BF disagree about drug/alc use?",1,The following is a list of subjects on which couples often have disagreements,Drinking or drug use ?,1,YES,2,NO,nan,,nan,,nan,,nan,,nan,,nan,,nan,,nan,,nan,,nan,,nan,,nan,,nan,,nan,,nan,,nan,
105,556,m1b12f,"In last mo, how often did you and BF disagree about being faithful?",1,The following is a list of subjects on which couples often have disagreements,Being faithful?,1,YES,2,NO,nan,,nan,,nan,,nan,,nan,,nan,,nan,,nan,,nan,,nan,,nan,,nan,,nan,,nan,,nan,,nan,
106,557,m1b13a,How often is BF fair and willing to compromise?,1,"Thinking about your relationship with [BABY’S FATHER], how often would you say  that:",He is fair and willing to compromise when,1,YES,2,NO,nan,,nan,,nan,,nan,,nan,,nan,,nan,,nan,,nan,,nan,,nan,,nan,,nan,,nan,,nan,,nan,
107,558,m1b13b,How often does BF hit or slaps you when he is angry?,1,"Thinking about your relationship with [BABY’S FATHER], how often would you say  that:",He hits or slaps you when he is angry?,1,YES,2,NO,nan,,nan,,nan,,nan,,nan,,nan,,nan,,nan,,nan,,nan,,nan,,nan,,nan,,nan,,nan,,nan,
108,559,m1b13c,How often does BF expresses affection or love for you?,1,"Thinking about your relationship with [BABY’S FATHER], how often would you say  that:",He expresses affection or love for you?,1,YES,2,NO,nan,,nan,,nan,,nan,,nan,,nan,,nan,,nan,,nan,,nan,,nan,,nan,,nan,,nan,,nan,,nan,
109,560,m1b13d,"How often, BF insults or criticizes you or your ideas?",1,"Thinking about your relationship with [BABY’S FATHER], how often would you say  that:",He insults or criticizes you or your ideas?,1,YES,2,NO,nan,,nan,,nan,,nan,,nan,,nan,,nan,,nan,,nan,,nan,,nan,,nan,,nan,,nan,,nan,,nan,
110,561,m1b13e,"How often, BF encourages you or help you do things that are imprt to you?",1,"Thinking about your relationship with [BABY’S FATHER], how often would you say  that:",He encourages or helps you to do things,1,YES,2,NO,nan,,nan,,nan,,nan,,nan,,nan,,nan,,nan,,nan,,nan,,nan,,nan,,nan,,nan,,nan,,nan,
111,562,m1b14,What are the chances that you will marry BF in the future?,0,What do you think the chances are that you will marry [BABY’S FATHER] in the       future?,What do you think the chances are that you will marry [BABY’S FATHER] in the       future?,1,No chance,2,A little chance,3,A 50-50 chance,4,"A pretty good chance, or",5 (SKIP TO B15),An almost certain chance,1,No chance,2,A little chance,3,A 50-50 chance,4,"A pretty good chance, or",5,An almost certain chance,nan,,nan,,nan,,nan,,nan,,nan,,nan,,nan,
112,563,m1b14a,What do you think are the chances that you will ever marry someone?,1,What do you think the chances are that you will marry [BABY’S FATHER] in the       future?,,1,YES,2,NO,nan,,nan,,nan,,nan,,nan,,nan,,nan,,nan,,nan,,nan,,nan,,nan,,nan,,nan,,nan,,nan,
113,564,m1b15a,"How life diff if married BF, financial security?",1,"For each of the following areas, please tell me how you think your life might be        different if you were married to [BABY’S FATHER] now",Your financial security,1,YES,2,NO,nan,,nan,,nan,,nan,,nan,,nan,,nan,,nan,,nan,,nan,,nan,,nan,,nan,,nan,,nan,,nan,
114,565,m1b15b,"How life diff if married BF, overall happiness?",1,"For each of the following areas, please tell me how you think your life might be        different if you were married to [BABY’S FATHER] now",How about your overall,1,YES,2,NO,nan,,nan,,nan,,nan,,nan,,nan,,nan,,nan,,nan,,nan,,nan,,nan,,nan,,nan,,nan,,nan,
115,566,m1b15c,"How life diff if married BF, freedom?",1,"For each of the following areas, please tell me how you think your life might be        different if you were married to [BABY’S FATHER] now",Freedom to do what,1,YES,2,NO,nan,,nan,,nan,,nan,,nan,,nan,,nan,,nan,,nan,,nan,,nan,,nan,,nan,,nan,,nan,,nan,
116,567,m1b15d,"How life diff if married BF, control over money?",1,"For each of the following areas, please tell me how you think your life might be        different if you were married to [BABY’S FATHER] now",Your control over money?,1,YES,2,NO,nan,,nan,,nan,,nan,,nan,,nan,,nan,,nan,,nan,,nan,,nan,,nan,,nan,,nan,,nan,,nan,
117,568,m1b15e,"How life diff if married BF, sex life?",1,"For each of the following areas, please tell me how you think your life might be        different if you were married to [BABY’S FATHER] now",Your sex life?,1,YES,2,NO,nan,,nan,,nan,,nan,,nan,,nan,,nan,,nan,,nan,,nan,,nan,,nan,,nan,,nan,,nan,,nan,
118,569,m1b15f,"How life diff if married BF, relations w/parents?",1,"For each of the following areas, please tell me how you think your life might be        different if you were married to [BABY’S FATHER] now",Your relations with,1,YES,2,NO,nan,,nan,,nan,,nan,,nan,,nan,,nan,,nan,,nan,,nan,,nan,,nan,,nan,,nan,,nan,,nan,
119,570,m1b16,During preg did BF give money to buy things for baby/babies?,0,"During your pregnancy, did [BABY’S FATHER] give you money or buy things for      the baby/babies?","During your pregnancy, did [BABY’S FATHER] give you money or buy things for      the baby/babies?",1,YES,2,NO,nan,,nan,,nan,,nan,,nan,,nan,,nan,,nan,,nan,,nan,,nan,,nan,,nan,,nan,,nan,,nan,
120,571,m1b17,"Did BF help you in any other way (transportation, etc)?",0,"Did [BABY’S FATHER] help you in other ways, such as providing transportation to   the pre-natal clinic or helping with chores?","Did [BABY’S FATHER] help you in other ways, such as providing transportation to   the pre-natal clinic or helping with chores?",1,YES,2,NO,nan,,nan,,nan,,nan,,nan,,nan,,nan,,nan,,nan,,nan,,nan,,nan,,nan,,nan,,nan,,nan,
121,572,m1b18,Do you want BF involved in raising your child (children)?,0,Do you want [BABY’S FATHER] to be involved in raising your child (children) in the             coming  years?,Do you want [BABY’S FATHER] to be involved in raising your child (children) in the             coming  years?,1,YES,2,NO,-2,DON’T KNOW,nan,,nan,,nan,,nan,,nan,,nan,,nan,,nan,,nan,,nan,,nan,,nan,,nan,,nan,,nan,
122,573,m1b19,Does BF want to be involved in raising your child?,0,Does [BABY’S FATHER] want to be involved in raising your child in the coming        years?,Does [BABY’S FATHER] want to be involved in raising your child in the coming        years?,1,YES,2,NO,3,ABOUT BABY,-2,DON’T KNOW,nan,,nan,,nan,,nan,,nan,,nan,,nan,,nan,,nan,,nan,,nan,,nan,,nan,,nan,
123,574,m1b20,Int chk: Are mother and father living together?,0,INTERVIEWER: ARE MOTHER AND FATHER LIVING TOGETHER?,INTERVIEWER: ARE MOTHER AND FATHER LIVING TOGETHER?,1 (GO TO B26 ON P. 20),YES,2,NO,nan,,nan,,nan,,nan,,nan,,nan,,nan,,nan,,nan,,nan,,nan,,nan,,nan,,nan,,nan,,nan,
124,575,m1b21,Has BF told you that he will provide support for the baby?,0,Has [BABY’S FATHER] told you that he will provide financial support for the baby    during the coming year?,Has [BABY’S FATHER] told you that he will provide financial support for the baby    during the coming year?,1,YES,2 (GO TO B26 ON P. 20),NO,nan,,nan,,nan,,nan,,nan,,nan,,nan,,nan,,nan,,nan,,nan,,nan,,nan,,nan,,nan,,nan,
125,576,m1b21a,How much money per mo did BF say he would provide?,1,Has [BABY’S FATHER] told you that he will provide financial support for the baby    during the coming year?,,1,YES,2,NO,nan,,nan,,nan,,nan,,nan,,nan,,nan,,nan,,nan,,nan,,nan,,nan,,nan,,nan,,nan,,nan,
126,577,m1b22a,"In last mo, did you and BF visit with friends?",1,I’m going to read you some things that couples often do together,Visited with friends?,1,YES,2,NO,nan,,nan,,nan,,nan,,nan,,nan,,nan,,nan,,nan,,nan,,nan,,nan,,nan,,nan,,nan,,nan,
127,578,m1b22b,"In last mo, did you and BF go out for entertainment (movie,sport)?",1,I’m going to read you some things that couples often do together,"Gone out to a movie, sporting event,",1,YES,2,NO,nan,,nan,,nan,,nan,,nan,,nan,,nan,,nan,,nan,,nan,,nan,,nan,,nan,,nan,,nan,,nan,
128,579,m1b22c,"In last mo, did you and BF ate out in a restaurant?",1,I’m going to read you some things that couples often do together,Ate out in a restaurant?,1,YES,2,NO,nan,,nan,,nan,,nan,,nan,,nan,,nan,,nan,,nan,,nan,,nan,,nan,,nan,,nan,,nan,,nan,
129,580,m1b22d,"In last mo, did you and BF help each other solve a problem?",1,I’m going to read you some things that couples often do together,Helped each other solve a problem?,1,YES,2,NO,nan,,nan,,nan,,nan,,nan,,nan,,nan,,nan,,nan,,nan,,nan,,nan,,nan,,nan,,nan,,nan,
130,581,m1b23a,"In last mo, how often did you and BF disagree on money?",1,The following is a list of subjects on which couples often have disagreements,"Money? Would you say often,",1,YES,2,NO,nan,,nan,,nan,,nan,,nan,,nan,,nan,,nan,,nan,,nan,,nan,,nan,,nan,,nan,,nan,,nan,
131,582,m1b23b,"In last mo, how often did you and BF disagree on spending time?",1,The following is a list of subjects on which couples often have disagreements,Spending time together?,1,YES,2,NO,nan,,nan,,nan,,nan,,nan,,nan,,nan,,nan,,nan,,nan,,nan,,nan,,nan,,nan,,nan,,nan,
132,583,m1b23c,"In last mo, how often did you and BF disagree on sex?",1,The following is a list of subjects on which couples often have disagreements,Sex?,1,YES,2,NO,nan,,nan,,nan,,nan,,nan,,nan,,nan,,nan,,nan,,nan,,nan,,nan,,nan,,nan,,nan,,nan,
133,584,m1b23d,"In last mo, how often did you and BF disagree on pregnancy?",1,The following is a list of subjects on which couples often have disagreements,The pregnancy?,1,YES,2,NO,nan,,nan,,nan,,nan,,nan,,nan,,nan,,nan,,nan,,nan,,nan,,nan,,nan,,nan,,nan,,nan,
134,585,m1b23e,"In last mo, how often did you and BF disagree on drug/alco use?",1,The following is a list of subjects on which couples often have disagreements,Drinking or drug use?,1,YES,2,NO,nan,,nan,,nan,,nan,,nan,,nan,,nan,,nan,,nan,,nan,,nan,,nan,,nan,,nan,,nan,,nan,
135,586,m1b23f,"In last mo, how often did you and BF disagree on being faithful?",1,The following is a list of subjects on which couples often have disagreements,Being faithful?,1,YES,2,NO,nan,,nan,,nan,,nan,,nan,,nan,,nan,,nan,,nan,,nan,,nan,,nan,,nan,,nan,,nan,,nan,
136,587,m1b24a,If you were not married to BF how different your life be? financial security?,1,"For each of the following areas, please tell me how you think your life might be        different if you were not married to [BABY’S FATHER] now",Your financial security would,1,YES,2,NO,nan,,nan,,nan,,nan,,nan,,nan,,nan,,nan,,nan,,nan,,nan,,nan,,nan,,nan,,nan,,nan,
137,588,m1b24b,"How life diff if NOT married BF, overall happiness?",1,"For each of the following areas, please tell me how you think your life might be        different if you were not married to [BABY’S FATHER] now",How about your overall,1,YES,2,NO,nan,,nan,,nan,,nan,,nan,,nan,,nan,,nan,,nan,,nan,,nan,,nan,,nan,,nan,,nan,,nan,
138,589,m1b24c,"How life diff if NOT married BF, your freedom?",1,"For each of the following areas, please tell me how you think your life might be        different if you were not married to [BABY’S FATHER] now",Freedom to do what you,1,YES,2,NO,nan,,nan,,nan,,nan,,nan,,nan,,nan,,nan,,nan,,nan,,nan,,nan,,nan,,nan,,nan,,nan,
139,590,m1b24d,"How life diff if NOT married BF, control over money?",1,"For each of the following areas, please tell me how you think your life might be        different if you were not married to [BABY’S FATHER] now",Your control over money?,1,YES,2,NO,nan,,nan,,nan,,nan,,nan,,nan,,nan,,nan,,nan,,nan,,nan,,nan,,nan,,nan,,nan,,nan,
140,591,m1b24e,"How life diff if NOT married BF, your sex life?",1,"For each of the following areas, please tell me how you think your life might be        different if you were not married to [BABY’S FATHER] now",Your sex life?,1,YES,2,NO,nan,,nan,,nan,,nan,,nan,,nan,,nan,,nan,,nan,,nan,,nan,,nan,,nan,,nan,,nan,,nan,
141,592,m1b24f,"How life diff if NOT married BF, w/parents?",1,"For each of the following areas, please tell me how you think your life might be        different if you were not married to [BABY’S FATHER] now",Your relations with,1,YES,2,NO,nan,,nan,,nan,,nan,,nan,,nan,,nan,,nan,,nan,,nan,,nan,,nan,,nan,,nan,,nan,,nan,
142,593,m1b25a,How often is BF fair and willing to compromise?,1,"Thinking about your relationship with [BABY’S FATHER], how often would you say  that:",,1,YES,2,NO,nan,,nan,,nan,,nan,,nan,,nan,,nan,,nan,,nan,,nan,,nan,,nan,,nan,,nan,,nan,,nan,
143,594,m1b25b,How often does BF hit or slaps you when he is angry?,1,"Thinking about your relationship with [BABY’S FATHER], how often would you say  that:",He hits or slaps you when he is angry?,1,YES,2,NO,nan,,nan,,nan,,nan,,nan,,nan,,nan,,nan,,nan,,nan,,nan,,nan,,nan,,nan,,nan,,nan,
144,595,m1b25c,How often does BF expresses affection or love for you?,1,"Thinking about your relationship with [BABY’S FATHER], how often would you say  that:",He expresses affection or love for you?,1,YES,2,NO,nan,,nan,,nan,,nan,,nan,,nan,,nan,,nan,,nan,,nan,,nan,,nan,,nan,,nan,,nan,,nan,
145,596,m1b25d,How often does BF insults or criticized you or your ideas?,1,"Thinking about your relationship with [BABY’S FATHER], how often would you say  that:",He insults or criticizes you or your ideas?,1,YES,2,NO,nan,,nan,,nan,,nan,,nan,,nan,,nan,,nan,,nan,,nan,,nan,,nan,,nan,,nan,,nan,,nan,
146,597,m1b25e,How often does BF encourages you or help you do things that are imprt to you?,1,"Thinking about your relationship with [BABY’S FATHER], how often would you say  that:",,1,YES,2,NO,nan,,nan,,nan,,nan,,nan,,nan,,nan,,nan,,nan,,nan,,nan,,nan,,nan,,nan,,nan,,nan,
147,598,m1b26,"After you found out you were pregnant,how did your relationship with BF changed?",0,"After you found out you were pregnant, would you say your relationship with            [BABY’S FATHER] got better, worse, or stayed the same?","After you found out you were pregnant, would you say your relationship with            [BABY’S FATHER] got better, worse, or stayed the same?",1,BETTER,2,WORSE,3,STAYED THE SAME,-2,DON’T KNOW,nan,,nan,,nan,,nan,,nan,,nan,,nan,,nan,,nan,,nan,,nan,,nan,,nan,,nan,
148,599,m1b27,"When you found out you were pregnant, did you think about having an abortion?",0,"When you found out you were pregnant, did you think about having an abortion?","When you found out you were pregnant, did you think about having an abortion?",1,YES,2,NO,nan,,nan,,nan,,nan,,nan,,nan,,nan,,nan,,nan,,nan,,nan,,nan,,nan,,nan,,nan,,nan,
149,600,m1b28,Did BF suggest that you have an abortion?,0,Did [BABY’S FATHER] suggest that you have an abortion?,Did [BABY’S FATHER] suggest that you have an abortion?,1,YES,2,NO,nan,,nan,,nan,,nan,,nan,,nan,,nan,,nan,,nan,,nan,,nan,,nan,,nan,,nan,,nan,,nan,
150,601,cm1relf,Constructed-Household Relationship-mother,1,,,1,YES,2,NO,nan,,nan,,nan,,nan,,nan,,nan,,nan,,nan,,nan,,nan,,nan,,nan,,nan,,nan,,nan,,nan,
151,602,cm1marf,Constructed - Is respondent married?,1,,,1,YES,2,NO,nan,,nan,,nan,,nan,,nan,,nan,,nan,,nan,,nan,,nan,,nan,,nan,,nan,,nan,,nan,,nan,
152,603,cm1cohf,Constructed - Is mother cohabiting with baby's father - not including marrieds?,1,,,1,YES,2,NO,nan,,nan,,nan,,nan,,nan,,nan,,nan,,nan,,nan,,nan,,nan,,nan,,nan,,nan,,nan,,nan,
153,604,m1c1a,How imp is it for BF to provide regular financial support to children?,1,Fathers do many things for their children,Provide regular financial support?,1,YES,2,NO,nan,,nan,,nan,,nan,,nan,,nan,,nan,,nan,,nan,,nan,,nan,,nan,,nan,,nan,,nan,,nan,
154,605,m1c1b,How imp is it for BF to teach B about life?,1,Fathers do many things for their children,Teach child about life?,1,YES,2,NO,nan,,nan,,nan,,nan,,nan,,nan,,nan,,nan,,nan,,nan,,nan,,nan,,nan,,nan,,nan,,nan,
155,606,m1c1c,How imp is it for BF to provide direct care to B,1,Fathers do many things for their children,"Provide direct care, such as",1,YES,2,NO,nan,,nan,,nan,,nan,,nan,,nan,,nan,,nan,,nan,,nan,,nan,,nan,,nan,,nan,,nan,,nan,
156,607,m1c1d,How imp is it for BF to show love and affection to the child?,1,Fathers do many things for their children,Show love and affection to the,1,YES,2,NO,nan,,nan,,nan,,nan,,nan,,nan,,nan,,nan,,nan,,nan,,nan,,nan,,nan,,nan,,nan,,nan,
157,608,m1c1e,How imp is it for BF to provide protection for child?,1,Fathers do many things for their children,Provide protection for the child?,1,YES,2,NO,nan,,nan,,nan,,nan,,nan,,nan,,nan,,nan,,nan,,nan,,nan,,nan,,nan,,nan,,nan,,nan,
158,609,m1c1f,How imp is it for BF to serve as authority figure and discipline the child?,1,Fathers do many things for their children,Serve as an authority figure and,1,YES,2,NO,nan,,nan,,nan,,nan,,nan,,nan,,nan,,nan,,nan,,nan,,nan,,nan,,nan,,nan,,nan,,nan,
159,610,m1c2,Which of the statements above (Q. c1a-c1f) is most important to you?,0,Which of these (HAND CARD 2) is the most important to you for a father to do for      his child(ren)?,Which of these (HAND CARD 2) is the most important to you for a father to do for      his child(ren)?,1,Provide regular financial support,2,Teach child about life,3,"Provide direct care, such as feeding, dressing, and child care",4,Show love and affection to the child,5,Provide protection for the child,6,Serve as an authority figure and discipline the child,nan,,nan,,nan,,nan,,nan,,nan,,nan,,nan,,nan,,nan,,nan,,nan,
160,611,m1c2a,Which of the statements above (Q. c1a-c1f) is least imprtant to you?,1,Which of these (HAND CARD 2) is the most important to you for a father to do for      his child(ren)?,Which of these (HAND CARD 2) is the least important to you for a father to do for   his child(ren)?,1,YES,2,NO,3,"Provide direct care, such as feeding, dressing, and child care",4,Show love and affection to the child,5,Provide protection for the child,6,Serve as an authority figure and discipline the child,nan,,nan,,nan,,nan,,nan,,nan,,nan,,nan,,nan,,nan,,nan,,nan,
161,612,m1c3a,If BF provides fin. supp. to BM should he have the right to see the child?,1,Now I’d like to ask you some questions about the rights and obligations of fathers      who live apart from their children,See his child on a regular basis,1,YES,2,NO,nan,,nan,,nan,,nan,,nan,,nan,,nan,,nan,,nan,,nan,,nan,,nan,,nan,,nan,,nan,,nan,
162,613,m1c3b,If BF provides fin. supp. to BM should he make decisions about the child?,1,Now I’d like to ask you some questions about the rights and obligations of fathers      who live apart from their children,Make decisions about how the child is raised,1,YES,2,NO,nan,,nan,,nan,,nan,,nan,,nan,,nan,,nan,,nan,,nan,,nan,,nan,,nan,,nan,,nan,,nan,
163,614,m1c4a,"If BF can afford fin. supp. but doesn't,should he have the right to see child?",1,"If a father can afford to provide financial support but does not, do you think he            should have the right to:",See his child on a regular basis,1,YES,2,NO,nan,,nan,,nan,,nan,,nan,,nan,,nan,,nan,,nan,,nan,,nan,,nan,,nan,,nan,,nan,,nan,
164,615,m1c4b,"If BF can afford fin. supp. but doesn't,should he make decisions about child?",1,"If a father can afford to provide financial support but does not, do you think he            should have the right to:",Make decisions about how the child is raised,1,YES,2,NO,nan,,nan,,nan,,nan,,nan,,nan,,nan,,nan,,nan,,nan,,nan,,nan,,nan,,nan,,nan,,nan,
165,616,m1c5a,If BF can't afford to provide fin. supp. should he have the right to see child?,1,"If a father cannot afford to provide financial support, do you think he should have      the right to:",See his child on a regular basis,1,YES,2,NO,nan,,nan,,nan,,nan,,nan,,nan,,nan,,nan,,nan,,nan,,nan,,nan,,nan,,nan,,nan,,nan,
166,617,m1c5b,If BF can't afford to provide fin. supp. should he have right to make decisions?,1,"If a father cannot afford to provide financial support, do you think he should have      the right to:",Make decisions about how the child is raised,1,YES,2,NO,nan,,nan,,nan,,nan,,nan,,nan,,nan,,nan,,nan,,nan,,nan,,nan,,nan,,nan,,nan,,nan,
167,618,m1c6,"If BM has a new partner,should BF be required to provide fin. supp.?",0,"If a mother has a new partner, do you think the baby’s father should be required to    provide financial support to his baby?","If a mother has a new partner, do you think the baby’s father should be required to    provide financial support to his baby?",1,YES,2,NO,nan,,nan,,nan,,nan,,nan,,nan,,nan,,nan,,nan,,nan,,nan,,nan,,nan,,nan,,nan,,nan,
168,619,m1c7,"If BF has new baby w/another, should he be required to support other children?",0,"If the father has a new baby with another partner, do you think he should be required             to provide support to his children from a previous relationship?","If the father has a new baby with another partner, do you think he should be required             to provide support to his children from a previous relationship?",1,YES,2,NO,nan,,nan,,nan,,nan,,nan,,nan,,nan,,nan,,nan,,nan,,nan,,nan,,nan,,nan,,nan,,nan,
169,620,m1d1a,The main advantage of marriage is financial security?,1,"For each of the following statements, please tell me whether you strongly agree,   agree, disagree, or strongly disagree:",The main advantage of,1,YES,2,NO,nan,,nan,,nan,,nan,,nan,,nan,,nan,,nan,,nan,,nan,,nan,,nan,,nan,,nan,,nan,,nan,
170,621,m1d1b,There are more advantages to being single than to being married?,1,"For each of the following statements, please tell me whether you strongly agree,   agree, disagree, or strongly disagree:","All in all, there are more",1,YES,2,NO,nan,,nan,,nan,,nan,,nan,,nan,,nan,,nan,,nan,,nan,,nan,,nan,,nan,,nan,,nan,,nan,
171,622,m1d1c,A single mother can bring up a child as well as a married couple?,1,"For each of the following statements, please tell me whether you strongly agree,   agree, disagree, or strongly disagree:",A mother living alone can bring,1,YES,2,NO,nan,,nan,,nan,,nan,,nan,,nan,,nan,,nan,,nan,,nan,,nan,,nan,,nan,,nan,,nan,,nan,
172,623,m1d1d,It is better for a couple to get married than just live together?,1,"For each of the following statements, please tell me whether you strongly agree,   agree, disagree, or strongly disagree:",It is better for a couple to,1,YES,2,NO,nan,,nan,,nan,,nan,,nan,,nan,,nan,,nan,,nan,,nan,,nan,,nan,,nan,,nan,,nan,,nan,
173,624,m1d1e,It is better for children if their parents are married?,1,"For each of the following statements, please tell me whether you strongly agree,   agree, disagree, or strongly disagree:",It is better for children if,1,YES,2,NO,nan,,nan,,nan,,nan,,nan,,nan,,nan,,nan,,nan,,nan,,nan,,nan,,nan,,nan,,nan,,nan,
174,625,m1d1f,Living together is just the same as being married?,1,"For each of the following statements, please tell me whether you strongly agree,   agree, disagree, or strongly disagree:",Living together is just the,1,YES,2,NO,nan,,nan,,nan,,nan,,nan,,nan,,nan,,nan,,nan,,nan,,nan,,nan,,nan,,nan,,nan,,nan,
175,626,m1d2a,"How imp for successful marriage, have same friends?",1,How important do you think the following qualities are for a successful marriage?,Having the same friends?,1,YES,2,NO,nan,,nan,,nan,,nan,,nan,,nan,,nan,,nan,,nan,,nan,,nan,,nan,,nan,,nan,,nan,,nan,
176,627,m1d2b,"How imp for successful marriage, husband has steady job?",1,How important do you think the following qualities are for a successful marriage?,The husband having a,1,YES,2,NO,nan,,nan,,nan,,nan,,nan,,nan,,nan,,nan,,nan,,nan,,nan,,nan,,nan,,nan,,nan,,nan,
177,628,m1d2c,"How imp for successful marriage, wife has steady job?",1,How important do you think the following qualities are for a successful marriage?,The wife having a steady,1,YES,2,NO,nan,,nan,,nan,,nan,,nan,,nan,,nan,,nan,,nan,,nan,,nan,,nan,,nan,,nan,,nan,,nan,
178,629,m1d2d,"How imp for successful marriage, both same race/ethnicity?",1,How important do you think the following qualities are for a successful marriage?,Being of the same,1,YES,2,NO,nan,,nan,,nan,,nan,,nan,,nan,,nan,,nan,,nan,,nan,,nan,,nan,,nan,,nan,,nan,,nan,
179,630,m1d2e,"How imp for successful marriage, have good sex?",1,How important do you think the following qualities are for a successful marriage?,Having good sex,1,YES,2,NO,nan,,nan,,nan,,nan,,nan,,nan,,nan,,nan,,nan,,nan,,nan,,nan,,nan,,nan,,nan,,nan,
180,631,m1d2f,"How imp for successful marriage, share same religion?",1,How important do you think the following qualities are for a successful marriage?,Having the same religious,1,YES,2,NO,nan,,nan,,nan,,nan,,nan,,nan,,nan,,nan,,nan,,nan,,nan,,nan,,nan,,nan,,nan,,nan,
181,632,m1d2g,"How imp for successful marriage, both emotionally mature?",1,How important do you think the following qualities are for a successful marriage?,The husband and wife,1,YES,2,NO,nan,,nan,,nan,,nan,,nan,,nan,,nan,,nan,,nan,,nan,,nan,,nan,,nan,,nan,,nan,,nan,
182,633,m1d3a,"The important decisions in the family should be done by the man, Ag/Dis?",1,"Please tell me whether you strongly agree, agree, disagree, or strongly disagree  with the following statements: (HAND CARD 3)",The important decisions in,1,YES,2,NO,nan,,nan,,nan,,nan,,nan,,nan,,nan,,nan,,nan,,nan,,nan,,nan,,nan,,nan,,nan,,nan,
183,634,m1d3b,"Parents should stay togthr for the children even if they don't get along,Ag/Dis?",1,"Please tell me whether you strongly agree, agree, disagree, or strongly disagree  with the following statements: (HAND CARD 3)",When there are children in,1,YES,2,NO,nan,,nan,,nan,,nan,,nan,,nan,,nan,,nan,,nan,,nan,,nan,,nan,,nan,,nan,,nan,,nan,
184,635,m1d3c,"It is better if husb. earns the main living and woman cares for family, Ag/Dis?",1,"Please tell me whether you strongly agree, agree, disagree, or strongly disagree  with the following statements: (HAND CARD 3)",It is much better for everyone,1,YES,2,NO,nan,,nan,,nan,,nan,,nan,,nan,,nan,,nan,,nan,,nan,,nan,,nan,,nan,,nan,,nan,,nan,
185,636,m1d3d,"In dating, a man is largely out to take advantage of a woman, Ag/Dis?",1,"Please tell me whether you strongly agree, agree, disagree, or strongly disagree  with the following statements: (HAND CARD 3)","In a dating relationship,",1,YES,2,NO,nan,,nan,,nan,,nan,,nan,,nan,,nan,,nan,,nan,,nan,,nan,,nan,,nan,,nan,,nan,,nan,
186,637,m1d3e,"Men cannot be trusted to be faithful, Ag/Dis?",1,"Please tell me whether you strongly agree, agree, disagree, or strongly disagree  with the following statements: (HAND CARD 3)",Men cannot be trusted to,1,YES,2,NO,nan,,nan,,nan,,nan,,nan,,nan,,nan,,nan,,nan,,nan,,nan,,nan,,nan,,nan,,nan,,nan,
187,638,m1d3f,"More important for man to spend time with his family than to work a lot, Ag/Dis?",1,"Please tell me whether you strongly agree, agree, disagree, or strongly disagree  with the following statements: (HAND CARD 3)",It is more important for a man,1,YES,2,NO,nan,,nan,,nan,,nan,,nan,,nan,,nan,,nan,,nan,,nan,,nan,,nan,,nan,,nan,,nan,,nan,
188,639,m1d3g,"Fathers play more imp role in raising boys than girls, Ag/Dis?",1,"Please tell me whether you strongly agree, agree, disagree, or strongly disagree  with the following statements: (HAND CARD 3)",Fathers play a more important,1,YES,2,NO,1,MOTHER (BABY’S GRANDMOTHER),2,FATHER (BABY’S GRANDFATHER),3,PARTNER/HUSBAND/BOYFRIEND,4,OTHER ADULT FRIEND OR RELATIVE,5,CHILD/STEP-CHILD/FOSTER CHILD,6,"OTHER CHILD (NIECE, NEPHEW, FRIEND)",7,OTHER,nan,,nan,,nan,,nan,,nan,,nan,,nan,,nan,,nan,
189,640,m1e1b1,People who currently live in your HH - 1st relationship?,1,I’d like to make a list of the people other than you who currently live in your household,,1,YES,2,NO,nan,,nan,,nan,,nan,,nan,,nan,,nan,,nan,,nan,,nan,,nan,,nan,,nan,,nan,,nan,,nan,
190,641,m1e1b2,People who currently live in your HH - 2nd relationship?,1,I’d like to make a list of the people other than you who currently live in your household,(Each variable in the HH roster is represented by a letter,1,YES,2,NO,nan,,nan,,nan,,nan,,nan,,nan,,nan,,nan,,nan,,nan,,nan,,nan,,nan,,nan,,nan,,nan,
191,642,m1e1b3,People who currently live in your HH - 3rd relationship?,1,I’d like to make a list of the people other than you who currently live in your household,,1,YES,2,NO,nan,,nan,,nan,,nan,,nan,,nan,,nan,,nan,,nan,,nan,,nan,,nan,,nan,,nan,,nan,,nan,
192,643,m1e1b4,People who currently live in your HH - 4th relationship?,1,I’d like to make a list of the people other than you who currently live in your household,,1,YES,2,NO,nan,,nan,,nan,,nan,,nan,,nan,,nan,,nan,,nan,,nan,,nan,,nan,,nan,,nan,,nan,,nan,
193,644,m1e1b5,People who currently live in your HH - 5th relationship?,1,I’d like to make a list of the people other than you who currently live in your household,,1,YES,2,NO,nan,,nan,,nan,,nan,,nan,,nan,,nan,,nan,,nan,,nan,,nan,,nan,,nan,,nan,,nan,,nan,
194,645,m1e1b6,People who currently live in your HH - 6th relationship?,1,I’d like to make a list of the people other than you who currently live in your household,,1,YES,2,NO,nan,,nan,,nan,,nan,,nan,,nan,,nan,,nan,,nan,,nan,,nan,,nan,,nan,,nan,,nan,,nan,
195,646,m1e1b7,People who currently live in your HH - 7th relationship?,1,I’d like to make a list of the people other than you who currently live in your household,,1,YES,2,NO,nan,,nan,,nan,,nan,,nan,,nan,,nan,,nan,,nan,,nan,,nan,,nan,,nan,,nan,,nan,,nan,
196,647,m1e1b8,People who currently live in your HH - 8th relationship?,1,I’d like to make a list of the people other than you who currently live in your household,,1,YES,2,NO,nan,,nan,,nan,,nan,,nan,,nan,,nan,,nan,,nan,,nan,,nan,,nan,,nan,,nan,,nan,,nan,
197,648,m1e1c1,People who currently live in your HH - 1st gender?,1,I’d like to make a list of the people other than you who currently live in your household,,1,YES,2,NO,nan,,nan,,nan,,nan,,nan,,nan,,nan,,nan,,nan,,nan,,nan,,nan,,nan,,nan,,nan,,nan,
198,649,m1e1c2,People who currently live in your HH - 2nd gender?,1,I’d like to make a list of the people other than you who currently live in your household,,1,YES,2,NO,nan,,nan,,nan,,nan,,nan,,nan,,nan,,nan,,nan,,nan,,nan,,nan,,nan,,nan,,nan,,nan,
199,650,m1e1c3,People who currently live in your HH - 3rd gender?,1,I’d like to make a list of the people other than you who currently live in your household,,1,YES,2,NO,nan,,nan,,nan,,nan,,nan,,nan,,nan,,nan,,nan,,nan,,nan,,nan,,nan,,nan,,nan,,nan,
200,651,m1e1c4,People who currently live in your HH - 4th gender?,1,I’d like to make a list of the people other than you who currently live in your household,,1,YES,2,NO,nan,,nan,,nan,,nan,,nan,,nan,,nan,,nan,,nan,,nan,,nan,,nan,,nan,,nan,,nan,,nan,
201,652,m1e1c5,People who currently live in your HH - 5th gender?,1,I’d like to make a list of the people other than you who currently live in your household,,1,YES,2,NO,nan,,nan,,nan,,nan,,nan,,nan,,nan,,nan,,nan,,nan,,nan,,nan,,nan,,nan,,nan,,nan,
202,653,m1e1c6,People who currently live in your HH - 6th gender?,1,I’d like to make a list of the people other than you who currently live in your household,,1,YES,2,NO,nan,,nan,,nan,,nan,,nan,,nan,,nan,,nan,,nan,,nan,,nan,,nan,,nan,,nan,,nan,,nan,
203,654,m1e1c7,People who currently live in your HH - 7th gender?,1,I’d like to make a list of the people other than you who currently live in your household,,1,YES,2,NO,nan,,nan,,nan,,nan,,nan,,nan,,nan,,nan,,nan,,nan,,nan,,nan,,nan,,nan,,nan,,nan,
204,655,m1e1c8,People who currently live in your HH - 8th gender?,1,I’d like to make a list of the people other than you who currently live in your household,,1,YES,2,NO,nan,,nan,,nan,,nan,,nan,,nan,,nan,,nan,,nan,,nan,,nan,,nan,,nan,,nan,,nan,,nan,
205,656,m1e1d1,People who currently live in your HH - 1st age?,1,I’d like to make a list of the people other than you who currently live in your household,,1,YES,2,NO,nan,,nan,,nan,,nan,,nan,,nan,,nan,,nan,,nan,,nan,,nan,,nan,,nan,,nan,,nan,,nan,
206,657,m1e1d2,People who currently live in your HH - 2nd age?,1,I’d like to make a list of the people other than you who currently live in your household,,1,YES,2,NO,nan,,nan,,nan,,nan,,nan,,nan,,nan,,nan,,nan,,nan,,nan,,nan,,nan,,nan,,nan,,nan,
207,658,m1e1d3,People who currently live in your HH - 3rd age?,1,I’d like to make a list of the people other than you who currently live in your household,,1,YES,2,NO,nan,,nan,,nan,,nan,,nan,,nan,,nan,,nan,,nan,,nan,,nan,,nan,,nan,,nan,,nan,,nan,
208,659,m1e1d4,People who currently live in your HH - 4th age?,1,I’d like to make a list of the people other than you who currently live in your household,,1,YES,2,NO,nan,,nan,,nan,,nan,,nan,,nan,,nan,,nan,,nan,,nan,,nan,,nan,,nan,,nan,,nan,,nan,
209,660,m1e1d5,People who currently live in your HH - 5th age?,1,I’d like to make a list of the people other than you who currently live in your household,,1,YES,2,NO,nan,,nan,,nan,,nan,,nan,,nan,,nan,,nan,,nan,,nan,,nan,,nan,,nan,,nan,,nan,,nan,
210,661,m1e1d6,People who currently live in your HH - 6th age?,1,I’d like to make a list of the people other than you who currently live in your household,,1,YES,2,NO,nan,,nan,,nan,,nan,,nan,,nan,,nan,,nan,,nan,,nan,,nan,,nan,,nan,,nan,,nan,,nan,
211,662,m1e1d7,People who currently live in your HH - 7th age?,1,I’d like to make a list of the people other than you who currently live in your household,,1,YES,2,NO,nan,,nan,,nan,,nan,,nan,,nan,,nan,,nan,,nan,,nan,,nan,,nan,,nan,,nan,,nan,,nan,
212,663,m1e1d8,People who currently live in your HH - 8th age?,1,I’d like to make a list of the people other than you who currently live in your household,,1,YES,2,NO,nan,,nan,,nan,,nan,,nan,,nan,,nan,,nan,,nan,,nan,,nan,,nan,,nan,,nan,,nan,,nan,
213,664,m1e1e1,People who currently live in your HH - 1st employment?,1,I’d like to make a list of the people other than you who currently live in your household,,1,YES,2,NO,nan,,nan,,nan,,nan,,nan,,nan,,nan,,nan,,nan,,nan,,nan,,nan,,nan,,nan,,nan,,nan,
214,665,m1e1e2,People who currently live in your HH - 2nd employment?,1,I’d like to make a list of the people other than you who currently live in your household,,1,YES,2,NO,nan,,nan,,nan,,nan,,nan,,nan,,nan,,nan,,nan,,nan,,nan,,nan,,nan,,nan,,nan,,nan,
215,666,m1e1e3,People who currently live in your HH - 3rd employment?,1,I’d like to make a list of the people other than you who currently live in your household,,1,YES,2,NO,nan,,nan,,nan,,nan,,nan,,nan,,nan,,nan,,nan,,nan,,nan,,nan,,nan,,nan,,nan,,nan,
216,667,m1e1e4,People who currently live in your HH - 4th employment?,1,I’d like to make a list of the people other than you who currently live in your household,,1,YES,2,NO,nan,,nan,,nan,,nan,,nan,,nan,,nan,,nan,,nan,,nan,,nan,,nan,,nan,,nan,,nan,,nan,
217,668,m1e1e5,People who currently live in your HH - 5th employment?,1,I’d like to make a list of the people other than you who currently live in your household,,1,YES,2,NO,nan,,nan,,nan,,nan,,nan,,nan,,nan,,nan,,nan,,nan,,nan,,nan,,nan,,nan,,nan,,nan,
218,669,m1e1e6,People who currently live in your HH - 6th employment?,1,I’d like to make a list of the people other than you who currently live in your household,,1,YES,2,NO,nan,,nan,,nan,,nan,,nan,,nan,,nan,,nan,,nan,,nan,,nan,,nan,,nan,,nan,,nan,,nan,
219,670,m1e1e7,People who currently live in your HH - 7th employment?,1,I’d like to make a list of the people other than you who currently live in your household,,1,YES,2,NO,nan,,nan,,nan,,nan,,nan,,nan,,nan,,nan,,nan,,nan,,nan,,nan,,nan,,nan,,nan,,nan,
220,671,m1e1e8,People who currently live in your HH - 8th employment?,1,I’d like to make a list of the people other than you who currently live in your household,,1,YES,2,NO,nan,,nan,,nan,,nan,,nan,,nan,,nan,,nan,,nan,,nan,,nan,,nan,,nan,,nan,,nan,,nan,
221,672,m1e2,Were you living with both of your bio parents at age 15?,0,Now I’d like to ask you questions about your family,Now I’d like to ask you questions about your family,1,YES,2,NO,,"E3.       During your pregnancy, did you receive any of the following types of support      from anyone besides [BABY’S FATHER]? Did you receive",nan,,nan,,nan,,nan,,nan,,nan,,nan,,nan,,nan,,nan,,nan,,nan,,nan,,nan,,nan,
222,673,m1e3a,"During your preg, did you receive fin. supp. from anyone besides BF?",1,"During your pregnancy, did you receive any of the following types of support      from anyone besides [BABY’S FATHER]? Did you receive",Financial assistance of any kind           E3B,1,YES,2,NO,nan,,nan,,nan,,nan,,nan,,nan,,nan,,nan,,nan,,nan,,nan,,nan,,nan,,nan,,nan,,nan,
223,674,m1e3b1,"Who gave you fin. supp. during preg, your mother?",1,"During your pregnancy, did you receive any of the following types of support      from anyone besides [BABY’S FATHER]? Did you receive",NO,1,YES,2,NO,nan,,nan,,nan,,nan,,nan,,nan,,nan,,nan,,nan,,nan,,nan,,nan,,nan,,nan,,nan,,nan,
224,675,m1e3b2,"Who gave you fin. supp. during preg, your father?",1,"During your pregnancy, did you receive any of the following types of support      from anyone besides [BABY’S FATHER]? Did you receive",E3B2    FATHER,1,YES,2,NO,nan,,nan,,nan,,nan,,nan,,nan,,nan,,nan,,nan,,nan,,nan,,nan,,nan,,nan,,nan,,nan,
225,676,m1e3b3,"Who gave you fin. supp. during preg, other relatives.?",1,"During your pregnancy, did you receive any of the following types of support      from anyone besides [BABY’S FATHER]? Did you receive",E3B3    OTHER RELATIVES,1,YES,2,NO,nan,,nan,,nan,,nan,,nan,,nan,,nan,,nan,,nan,,nan,,nan,,nan,,nan,,nan,,nan,,nan,
226,677,m1e3b4,"Who gave you fin. supp. during preg, (BF) family?",1,"During your pregnancy, did you receive any of the following types of support      from anyone besides [BABY’S FATHER]? Did you receive",E3B4    BABY’S FATHER’S FAM,1,YES,2,NO,nan,,nan,,nan,,nan,,nan,,nan,,nan,,nan,,nan,,nan,,nan,,nan,,nan,,nan,,nan,,nan,
227,678,m1e3b5,"Who gave you fin. supp. during preg, other?",1,"During your pregnancy, did you receive any of the following types of support      from anyone besides [BABY’S FATHER]? Did you receive","E3B5    OTHER, NOT SPECIFIED",1,YES,2,NO,nan,,nan,,nan,,nan,,nan,,nan,,nan,,nan,,nan,,nan,,nan,,nan,,nan,,nan,,nan,,nan,
228,679,m1e3c,"During preg, did you receive a place to live?",1,"During your pregnancy, did you receive any of the following types of support      from anyone besides [BABY’S FATHER]? Did you receive",A place to live                                        E3D,1,YES,2,NO,nan,,nan,,nan,,nan,,nan,,nan,,nan,,nan,,nan,,nan,,nan,,nan,,nan,,nan,,nan,,nan,
229,680,m1e3d1,"Who gave you a place to live, your mother?",1,"During your pregnancy, did you receive any of the following types of support      from anyone besides [BABY’S FATHER]? Did you receive",NO,1,YES,2,NO,nan,,nan,,nan,,nan,,nan,,nan,,nan,,nan,,nan,,nan,,nan,,nan,,nan,,nan,,nan,,nan,
230,681,m1e3d2,"Who gave you a place to live, your father?",1,"During your pregnancy, did you receive any of the following types of support      from anyone besides [BABY’S FATHER]? Did you receive",E3D2    FATHER,1,YES,2,NO,nan,,nan,,nan,,nan,,nan,,nan,,nan,,nan,,nan,,nan,,nan,,nan,,nan,,nan,,nan,,nan,
231,682,m1e3d3,"Who gave you a place to live, other relatives?",1,"During your pregnancy, did you receive any of the following types of support      from anyone besides [BABY’S FATHER]? Did you receive",E3D3    OTHER RELATIVES,1,YES,2,NO,nan,,nan,,nan,,nan,,nan,,nan,,nan,,nan,,nan,,nan,,nan,,nan,,nan,,nan,,nan,,nan,
232,683,m1e3d4,"Who gave you a place to live, (BF) family?",1,"During your pregnancy, did you receive any of the following types of support      from anyone besides [BABY’S FATHER]? Did you receive",E3D4    BABY’S FATHER’S FAM,1,YES,2,NO,nan,,nan,,nan,,nan,,nan,,nan,,nan,,nan,,nan,,nan,,nan,,nan,,nan,,nan,,nan,,nan,
233,684,m1e3d5,"Who gave you a place to live, other?",1,"During your pregnancy, did you receive any of the following types of support      from anyone besides [BABY’S FATHER]? Did you receive","E3D5    OTHER, NOT SPECIFIED",1,YES,2,NO,nan,,nan,,nan,,nan,,nan,,nan,,nan,,nan,,nan,,nan,,nan,,nan,,nan,,nan,,nan,,nan,
234,685,m1e3e,"During preg, did you receive child care?",1,"During your pregnancy, did you receive any of the following types of support      from anyone besides [BABY’S FATHER]? Did you receive",Child care                                               E3F,1,YES,2,NO,nan,,nan,,nan,,nan,,nan,,nan,,nan,,nan,,nan,,nan,,nan,,nan,,nan,,nan,,nan,,nan,
235,686,m1e3f1,"Who gave you child care, your mother?",1,"During your pregnancy, did you receive any of the following types of support      from anyone besides [BABY’S FATHER]? Did you receive",NO,1,YES,2,NO,nan,,nan,,nan,,nan,,nan,,nan,,nan,,nan,,nan,,nan,,nan,,nan,,nan,,nan,,nan,,nan,
236,687,m1e3f2,"Who gave you child care, your father?",1,"During your pregnancy, did you receive any of the following types of support      from anyone besides [BABY’S FATHER]? Did you receive",E3F2    FATHER,1,YES,2,NO,nan,,nan,,nan,,nan,,nan,,nan,,nan,,nan,,nan,,nan,,nan,,nan,,nan,,nan,,nan,,nan,
237,688,m1e3f3,"Who gave you child care, other relatives?",1,"During your pregnancy, did you receive any of the following types of support      from anyone besides [BABY’S FATHER]? Did you receive",E3F3    OTHER RELATIVES,1,YES,2,NO,nan,,nan,,nan,,nan,,nan,,nan,,nan,,nan,,nan,,nan,,nan,,nan,,nan,,nan,,nan,,nan,
238,689,m1e3f4,"Who gave you child care, (BF) family?",1,"During your pregnancy, did you receive any of the following types of support      from anyone besides [BABY’S FATHER]? Did you receive",E3F4    BABY’S FATHER’S FAM,1,YES,2,NO,nan,,nan,,nan,,nan,,nan,,nan,,nan,,nan,,nan,,nan,,nan,,nan,,nan,,nan,,nan,,nan,
239,690,m1e3f5,"Who gave you child care, other?",1,"During your pregnancy, did you receive any of the following types of support      from anyone besides [BABY’S FATHER]? Did you receive","E3F5    OTHER, NOT SPECIFIED",1,YES,2,NO,nan,,nan,,nan,,nan,,nan,,nan,,nan,,nan,,nan,,nan,,nan,,nan,,nan,,nan,,nan,,nan,
240,691,m1e4a,"Next yr, would someone in family loan you $200?",1,"During the next year, if you needed help, could you count on someone in your family  to:",Loan you $200?,1,YES,2,NO,nan,,nan,,nan,,nan,,nan,,nan,,nan,,nan,,nan,,nan,,nan,,nan,,nan,,nan,,nan,,nan,
241,692,m1e4b,"Next yr, would someone in family give place to live?",1,"During the next year, if you needed help, could you count on someone in your family  to:",Provide a place to live?,1,YES,2,NO,nan,,nan,,nan,,nan,,nan,,nan,,nan,,nan,,nan,,nan,,nan,,nan,,nan,,nan,,nan,,nan,
242,693,m1e4c,"Next yr, would someone help you with babysitting/child care?",1,"During the next year, if you needed help, could you count on someone in your family  to:",Help with babysitting or child care?,1,YES,2,NO,nan,,nan,,nan,,nan,,nan,,nan,,nan,,nan,,nan,,nan,,nan,,nan,,nan,,nan,,nan,,nan,
243,694,cm1adult,Constructed - # of adults 18 or older in the HH,1,,,1,YES,2,NO,nan,,nan,,nan,,nan,,nan,,nan,,nan,,nan,,nan,,nan,,nan,,nan,,nan,,nan,,nan,,nan,
244,695,cm1kids,Constructed - # of children under 18 in HH,1,,,1,YES,2,NO,nan,,nan,,nan,,nan,,nan,,nan,,nan,,nan,,nan,,nan,,nan,,nan,,nan,,nan,,nan,,nan,
245,696,cm1gdad,Constructed - Baby's grandfather in the HH,1,,,1,YES,2,NO,nan,,nan,,nan,,nan,,nan,,nan,,nan,,nan,,nan,,nan,,nan,,nan,,nan,,nan,,nan,,nan,
246,697,cm1gmom,Constructed - Baby's grandmother in the HH,1,,,1,YES,2,NO,nan,,nan,,nan,,nan,,nan,,nan,,nan,,nan,,nan,,nan,,nan,,nan,,nan,,nan,,nan,,nan,
247,698,m1f1a,How long have you lived in neighborhood - Years?,1,Now I would like to ask you some questions about your neighborhood and the city      you live in,F1A    NUMBER OF YEARS  o                 F1B    NUMBER OF MONTHS  o,1,YES,2,NO,nan,,nan,,nan,,nan,,nan,,nan,,nan,,nan,,nan,,nan,,nan,,nan,,nan,,nan,,nan,,nan,
248,699,m1f1b,How long have you lived in neighborhood - months?,1,Now I would like to ask you some questions about your neighborhood and the city      you live in,F1A    NUMBER OF YEARS  o                 F1B    NUMBER OF MONTHS  o,1,YES,2,NO,nan,,nan,,nan,,nan,,nan,,nan,,nan,,nan,,nan,,nan,,nan,,nan,,nan,,nan,,nan,,nan,
249,700,m1f1c,How long have you lived in neighborhood - all my life?,1,Now I would like to ask you some questions about your neighborhood and the city      you live in,F1C   ALL MY LIFE,1,YES,2,NO,nan,,nan,,nan,,nan,,nan,,nan,,nan,,nan,,nan,,nan,,nan,,nan,,nan,,nan,,nan,,nan,
250,701,m1f2,Is the home/apartment were you currently reside owned/rented?,0,Is the home or apartment where you currently reside,Is the home or apartment where you currently reside,,F2. Is the home or apartment where you currently reside,1,Owned or being bought by someone in your family?,2,Rented?,nan,,nan,,nan,,nan,,nan,,nan,,nan,,nan,,nan,,nan,,nan,,nan,,nan,,nan,,nan,
251,702,m1f3,Do you live in a public housing project?,0,Do you live in a public housing project?,Do you live in a public housing project?,1,YES,2,NO,nan,,nan,,nan,,nan,,nan,,nan,,nan,,nan,,nan,,nan,,nan,,nan,,nan,,nan,,nan,,nan,
252,703,m1f4,Is the fed/state/local government helping to pay for your rent?,0,"Is the federal, state, or local government helping to pay for your rent?","Is the federal, state, or local government helping to pay for your rent?",1,YES,2,NO,nan,,nan,,nan,,nan,,nan,,nan,,nan,,nan,,nan,,nan,,nan,,nan,,nan,,nan,,nan,,nan,
253,704,m1f5,How safe are the streets around your home at night?,0,"How safe are the streets around your home at night? Would you say they are very     safe, safe, unsafe, or very unsafe?","How safe are the streets around your home at night? Would you say they are very     safe, safe, unsafe, or very unsafe?",1,VERY SAFE,2,SAFE,3,UNSAFE,4,VERY UNSAFE,nan,,nan,,nan,,nan,,nan,,nan,,nan,,nan,,nan,,nan,,nan,,nan,,nan,,nan,
254,705,m1f6,About how often do you attend religious services?,0,About how often do you attend religious services?,About how often do you attend religious services?,1,Once a week or more,2,Several times a month,3,Several times a year,4,Hardly ever,5,Not at all,nan,,nan,,nan,,nan,,nan,,nan,,nan,,nan,,nan,,nan,,nan,,nan,,nan,
255,706,m1f7,What is your religious preference?,0,"What is your religious preference [IF NECESSARY: Is it Protestant, Catholic, Jewish, Muslim, some other religion, no religion?]?","What is your religious preference [IF NECESSARY: Is it Protestant, Catholic, Jewish, Muslim, some other religion, no religion?]?",1,NO RELIGION,2,PROTESTANT,3,CATHOLIC,4,JEWISH,5,MUSLIM,6,CHRISTIAN,7,BAPTIST,8,CHURCH OF CHRIST,9,EPISCOPALIAN,10,JEHOVAH’S WITNESS,11,LUTHERAN,12,METHODIST,13,PRESBYTERIAN,14,"OTHER, NOT SPECIFIED",101,PENTACOSTAL,102,CONSERVATIVE OTHER,103,LIBERAL OTHER,104,CONSERVATIVE PROTESTANT
256,707,m1f8,Can mother receive welfare if she is married and living with husband?,0,Now I’d like to ask you some questions about welfare and child support policies in      your city,Now I’d like to ask you some questions about welfare and child support policies in      your city,1,YES,2,NO,-2,DON’T KNOW,1,YES,2,NO,-2,DON’T KNOW,nan,,nan,,nan,,nan,,nan,,nan,,nan,,nan,,nan,,nan,,nan,,nan,
257,708,m1f9,Can mother receive welfare if she is not married and lives with BF?,0,,,nan,,nan,,nan,,nan,,nan,,nan,,nan,,nan,,nan,,nan,,nan,,nan,,nan,,nan,,nan,,nan,,nan,,nan,
258,709,m1f10a,How long in total can a mother receive welfare (years)?,1,How many months or years in total can a mother receive welfare?,F10A      NUMBER OF YEARS  o             F10B      NUMBER OF MONTHS  o,1,YES,2,NO,nan,,nan,,nan,,nan,,nan,,nan,,nan,,nan,,nan,,nan,,nan,,nan,,nan,,nan,,nan,,nan,
259,710,m1f10b,How long in total can a mother receive welfare (months)?,1,How many months or years in total can a mother receive welfare?,F10A      NUMBER OF YEARS  o             F10B      NUMBER OF MONTHS  o,1,YES,2,NO,nan,,nan,,nan,,nan,,nan,,nan,,nan,,nan,,nan,,nan,,nan,,nan,,nan,,nan,,nan,,nan,
260,711,m1f11a,How long can a mother receive welfare before being required to work?-years,1,How long can a mother receive welfare before she is required to work?,F11A      NUMBER OF YEARS  o             F11B      NUMBER OF MONTHS  o,1,YES,2,NO,nan,,nan,,nan,,nan,,nan,,nan,,nan,,nan,,nan,,nan,,nan,,nan,,nan,,nan,,nan,,nan,
261,712,m1f11b,How long can a mother receive welfare before being required to work?-months,1,How long can a mother receive welfare before she is required to work?,F11A      NUMBER OF YEARS  o             F11B      NUMBER OF MONTHS  o,1,YES,2,NO,nan,,nan,,nan,,nan,,nan,,nan,,nan,,nan,,nan,,nan,,nan,,nan,,nan,,nan,,nan,,nan,
262,713,m1f12,"Can judge make a father pay child support, even if he wanted an abortion?",0,"Can a judge make a father pay child support, even if he wanted an abortion?","Can a judge make a father pay child support, even if he wanted an abortion?",1,YES,2,NO,-2,DON’T KNOW,nan,,nan,,nan,,nan,,nan,,nan,,nan,,nan,,nan,,nan,,nan,,nan,,nan,,nan,,nan,
263,714,m1f13,Can blood test prove whether a man is really the father of the child?,0,Can a blood test prove whether a man is really the father of the child?,Can a blood test prove whether a man is really the father of the child?,1,YES,2,NO,-2,DON’T KNOW,nan,,nan,,nan,,nan,,nan,,nan,,nan,,nan,,nan,,nan,,nan,,nan,,nan,,nan,,nan,
264,715,m1f14,Has anyone in the hospital given you information about est. paternity?,0,Has anyone at the hospital talked to you or given you information about        establishing paternity?,Has anyone at the hospital talked to you or given you information about        establishing paternity?,1,YES,2,NO,nan,,nan,,nan,,nan,,nan,,nan,,nan,,nan,,nan,,nan,,nan,,nan,,nan,,nan,,nan,,nan,
265,716,m1f15,"If BF doesn't want to marry the mother, could he be required to pay child supp.?",0,"If a man gets a woman pregnant and doesn’t want to marry her, how likely is it that  he will be required to pay child support for the child","If a man gets a woman pregnant and doesn’t want to marry her, how likely is it that  he will be required to pay child support for the child",1,No chance,2,A little chance,3,A 50-50 chance,4,"A pretty good chance, or",5,An almost certain chance,nan,,nan,,nan,,nan,,nan,,nan,,nan,,nan,,nan,,nan,,nan,,nan,,nan,
266,717,m1g1,How is your health?,0,Now I have some questions about your health,Now I have some questions about your health,,Would you say it is,1,Excellent,2,Very good,3,Good,4,Fair,5,Poor,nan,,nan,,nan,,nan,,nan,,nan,,nan,,nan,,nan,,nan,,nan,,nan,
267,718,m1g2,"During the preg, how often did you drink alcohol?",0,"During your pregnancy, about how often did you drink alcoholic beverages? (HAND  CARD 4)","During your pregnancy, about how often did you drink alcoholic beverages? (HAND  CARD 4)",1,NEARLY EVERY DAY,2,SEVERAL TIMES A WEEK,3,SEVERAL TIMES A MONTH,4,LESS THAN ONCE A MONTH,5,NEVER,nan,,nan,,nan,,nan,,nan,,nan,,nan,,nan,,nan,,nan,,nan,,nan,,nan,
268,719,m1g3,"During the preg, how often did you use drugs?",0,"During your pregnancy, about how often did you use drugs such as marijuana, crack            cocaine, or heroin? (HAND CARD 4)","During your pregnancy, about how often did you use drugs such as marijuana, crack            cocaine, or heroin? (HAND CARD 4)",1,NEARLY EVERY DAY,2,SEVERAL TIMES A WEEK,3,SEVERAL TIMES A MONTH,4,LESS THAN ONCE A MONTH,5,NEVER,nan,,nan,,nan,,nan,,nan,,nan,,nan,,nan,,nan,,nan,,nan,,nan,,nan,
269,720,m1g4,"During the preg, how many cigarettes did you smoke?",0,"During your pregnancy, how many cigarettes did you smoke? Did you smoke…","During your pregnancy, how many cigarettes did you smoke? Did you smoke…",1,2 or more packs a day,2,1 or more but less than 2,3,Less than 1 pack a day,4,None,nan,,nan,,nan,,nan,,nan,,nan,,nan,,nan,,nan,,nan,,nan,,nan,,nan,,nan,
270,721,m1g5,In past yr has alc/drugs interfered with your work/relationships?,0,"In the past year, has drinking or using drugs ever interfered with your work on a job   or with your personal relationships?","In the past year, has drinking or using drugs ever interfered with your work on a job   or with your personal relationships?",1,YES,2,NO,nan,,nan,,nan,,nan,,nan,,nan,,nan,,nan,,nan,,nan,,nan,,nan,,nan,,nan,,nan,,nan,
271,722,m1g6,Have you ever sought help or been treated for drug/alc problems?,0,Have you ever sought help for or been treated for drug or alcohol problems?,Have you ever sought help for or been treated for drug or alcohol problems?,1,YES,2,NO,nan,,nan,,nan,,nan,,nan,,nan,,nan,,nan,,nan,,nan,,nan,,nan,,nan,,nan,,nan,,nan,
272,723,m1h2,Were you born in the U.S.?,0,Were you born in the United States?,Were you born in the United States?,1 (GO TO H2A),YES,2 (SKIP TO H2B),NO,1,AFRICA,2,ASIA,3,EUROPE,4,LATIN AMERICA,5,NON-LATIN AMERICA,nan,,nan,,nan,,nan,,nan,,nan,,nan,,nan,,nan,,nan,,nan,
273,724,m1h2b,Geographical region of mother's birth place,1,Were you born in the United States?,,1,YES,2,NO,nan,,nan,,nan,,nan,,nan,,nan,,nan,,nan,,nan,,nan,,nan,,nan,,nan,,nan,,nan,,nan,
274,725,m1h2c,In what year did you first come to the US to live?,1,Were you born in the United States?,In what year did you first come to the United States to live?,1,YES,2,NO,nan,,nan,,nan,,nan,,nan,,nan,,nan,,nan,,nan,,nan,,nan,,nan,,nan,,nan,,nan,,nan,
275,726,m1h3,What is your race?,0,Which of these categories best describes your race? (HAND CARD 5),Which of these categories best describes your race? (HAND CARD 5),1,White,2,"Black, African-American",3,Asian or Pacific Islander,4,"American Indian, Eskimo, Aleut",5,"Other, not specified",101,Hispanic,-2,DON’T KNOW,nan,,nan,,nan,,nan,,nan,,nan,,nan,,nan,,nan,,nan,,nan,
276,727,m1h3a,Are you of Hispanic or Latino origin or descent?,1,Which of these categories best describes your race? (HAND CARD 5),Are you of Hispanic or Latino origin or descent?,1,YES,2,NO,-2,DON’T KNOW,nan,,nan,,nan,,nan,,nan,,nan,,nan,,nan,,nan,,nan,,nan,,nan,,nan,,nan,,nan,
277,728,m1h3b,"Are you Mexican, Puerto Rican, Cuban or other Hispanic?",1,Which of these categories best describes your race? (HAND CARD 5),"Are you Mexican, Puerto Rican, Cuban or other Hispanic?",1,YES,2,NO,3,CUBAN?,4,"OTHER HISPANIC/LATINO, NOT SPECIFIED",101,CENTRAL AMERICAN/CARIBBEAN,102,SOUTH AMERICA,103,SPAIN/OTHER EUROPEAN COUNTRY,-2,DON’T KNOW,nan,,nan,,nan,,nan,,nan,,nan,,nan,,nan,,nan,,nan,
278,729,cm1edu,Mother baseline education (own report),1,,,1,YES,2,NO,nan,,nan,,nan,,nan,,nan,,nan,,nan,,nan,,nan,,nan,,nan,,nan,,nan,,nan,,nan,,nan,
279,730,cm1ethrace,Mother race (baseline own report),1,,,1,YES,2,NO,nan,,nan,,nan,,nan,,nan,,nan,,nan,,nan,,nan,,nan,,nan,,nan,,nan,,nan,,nan,,nan,
280,731,m1i1,What is the highest grade/years of school that you have completed?,0,Now I’d like to ask some questions about your education and work experience,Now I’d like to ask some questions about your education and work experience,1,No formal schooling,2,8th grade or less,3,"Some high school (Grades 9,10,11, & 12)",5,G.E.D,6,Some college or 2 year degree,7,Technical or trade school,8,Bachelor’s degree,9,Graduate or professional school,nan,,nan,,nan,,nan,,nan,,nan,,nan,,nan,,nan,,nan,
281,732,m1i2a,"When you last worked, how many hours per week did you work?",1,"In what month and year did you last work at a regular job lasting two consecutive        weeks or more for which you received a regular paycheck, either full- or part-  time?",,1,YES,2,NO,nan,,nan,,nan,,nan,,nan,,nan,,nan,,nan,,nan,,nan,,nan,,nan,,nan,,nan,,nan,,nan,
282,733,m1i2b,About how much did you earn?,1,"In what month and year did you last work at a regular job lasting two consecutive        weeks or more for which you received a regular paycheck, either full- or part-  time?",About how much did you earn?,1,YES,2,NO,nan,,nan,,nan,,nan,,nan,,nan,,nan,,nan,,nan,,nan,,nan,,nan,,nan,,nan,,nan,,nan,
283,734,m1i2c,Was that amount per hour/day/week/month/year/other?,1,"In what month and year did you last work at a regular job lasting two consecutive        weeks or more for which you received a regular paycheck, either full- or part-  time?",Was that:,1,YES,2,NO,3,Per week?,4,Per month?,5,Per year?,6,"Other, not specified",101,BI-WEEKLY,1,YES,2,NO,-2,DON’T KNOW,1    (GO TO SECTION J ON P. 47),YES,2,NO,nan,,nan,,nan,,nan,,nan,,nan,
284,735,m1i2d,Do you expect to work during next year?,1,"In what month and year did you last work at a regular job lasting two consecutive        weeks or more for which you received a regular paycheck, either full- or part-  time?",,1,YES,2,NO,nan,,nan,,nan,,nan,,nan,,nan,,nan,,nan,,nan,,nan,,nan,,nan,,nan,,nan,,nan,,nan,
285,736,m1i2d1,Int Chk: Is father unknown?,1,"In what month and year did you last work at a regular job lasting two consecutive        weeks or more for which you received a regular paycheck, either full- or part-  time?",,1,YES,2,NO,nan,,nan,,nan,,nan,,nan,,nan,,nan,,nan,,nan,,nan,,nan,,nan,,nan,,nan,,nan,,nan,
286,737,m1i2i,In what mo did you last work 2 weeks or more at a regular job?,1,"In what month and year did you last work at a regular job lasting two consecutive        weeks or more for which you received a regular paycheck, either full- or part-  time?",,1,YES,2,NO,nan,,nan,,nan,,nan,,nan,,nan,,nan,,nan,,nan,,nan,,nan,,nan,,nan,,nan,,nan,,nan,
287,738,m1i2ii,In what yr did you last work 2 weeks or more at a regular job?,1,"In what month and year did you last work at a regular job lasting two consecutive        weeks or more for which you received a regular paycheck, either full- or part-  time?",,1,YES,2,NO,nan,,nan,,nan,,nan,,nan,,nan,,nan,,nan,,nan,,nan,,nan,,nan,,nan,,nan,,nan,,nan,
288,739,m1i2iii,Never worked 2 consecutive weeks?,1,"In what month and year did you last work at a regular job lasting two consecutive        weeks or more for which you received a regular paycheck, either full- or part-  time?",I2III      NEVER WORKED FOR TWO,1,YES,2,NO,nan,,nan,,nan,,nan,,nan,,nan,,nan,,nan,,nan,,nan,,nan,,nan,,nan,,nan,,nan,,nan,
289,740,m1i3,What is the highest grade/years of school that BF have completed?,0,Now I would like to ask some questions about [BABY’S FATHER]’s education and       employment,Now I would like to ask some questions about [BABY’S FATHER]’s education and       employment,1,No formal schooling,2,8th grade or less,3,"Some high school (Grades 9,10,11, & 12)",5,G.E.D,6,Some college or 2 year degree,7,Technical or trade school,8,Bachelor’s degree,9,Graduate or professional school,-2,DON’T KNOW,nan,,nan,,nan,,nan,,nan,,nan,,nan,,nan,,nan,
290,741,m1i4,What is BF's race?,0,Which of these categories best describes [BABY’S FATHER’s] race?,Which of these categories best describes [BABY’S FATHER’s] race?,1,White,2,"Black, African-American",3,Asian or Pacific Islander,4,"American Indian, Eskimo, Aleut",5,Other,-2,DON’T KNOW,nan,,nan,,nan,,nan,,nan,,nan,,nan,,nan,,nan,,nan,,nan,,nan,
291,742,m1i4a,Is BF of Hispanic/Latino origin or descent?,1,Which of these categories best describes [BABY’S FATHER’s] race?,Is [BABY’S FATHER] of Hispanic or Latino origin or descent?,1,YES,2,NO,nan,,nan,,nan,,nan,,nan,,nan,,nan,,nan,,nan,,nan,,nan,,nan,,nan,,nan,,nan,,nan,
292,743,m1i4b,"Is BF Mexican, Puerto Rican, Cuban or other Hispanic?",1,Which of these categories best describes [BABY’S FATHER’s] race?,"Is he Mexican, Puerto Rican, Cuban or other Hispanic?",1,YES,2,NO,3,CUBAN?,4,"OTHER HISPANIC/LATINO, NOT SPECIFIED",101,CENTRAL AMERICAN/CARIBBEAN,102,SOUTH AMERICAN,-2,DON’T KNOW,-2,DON’T KNOW,nan,,nan,,nan,,nan,,nan,,nan,,nan,,nan,,nan,,nan,
293,744,m1i6,"What was BF doing most of last week (working, going to school,else)?",0,"What was [BABY’S FATHER] doing most of last week—working at a regular job,         going to school, or something else?","What was [BABY’S FATHER] doing most of last week—working at a regular job,         going to school, or something else?",1 (SKIP TO I7),WORKING AT A REGULAR JOB,2,LOOKING FOR WORK,3,GOING TO SCHOOL,4,UNABLE TO WORK,5,"OTHER, NOT SPECIFIED",101,INCARCERATED,102,ON VACATION,-2,DON’T KNOW,nan,,nan,,nan,,nan,,nan,,nan,,nan,,nan,,nan,,nan,
294,745,m1i6a1,In what mo did BF last work 2 weeks or more at a regular job?,1,"What was [BABY’S FATHER] doing most of last week—working at a regular job,         going to school, or something else?",I6A1       MONTH  oo                    I6A2       YEAR  oo,1,YES,2,NO,nan,,nan,,nan,,nan,,nan,,nan,,nan,,nan,,nan,,nan,,nan,,nan,,nan,,nan,,nan,,nan,
295,746,m1i6a2,In what yr did BF last work 2 weeks or more at a regular job?,1,"What was [BABY’S FATHER] doing most of last week—working at a regular job,         going to school, or something else?",I6A1       MONTH  oo                    I6A2       YEAR  oo,1,YES,2,NO,nan,,nan,,nan,,nan,,nan,,nan,,nan,,nan,,nan,,nan,,nan,,nan,,nan,,nan,,nan,,nan,
296,747,m1i6a3,BF never workd 2 consecutive weeks?,1,"What was [BABY’S FATHER] doing most of last week—working at a regular job,         going to school, or something else?",I6A3     NEVER WORKED FOR,1,YES,2,NO,nan,,nan,,nan,,nan,,nan,,nan,,nan,,nan,,nan,,nan,,nan,,nan,,nan,,nan,,nan,,nan,
297,748,m1i7,Does BF engage in any activities other than regular job to generate income?,0,"Does [BABY’S FATHER] engage in any activities, other than regular paid         employment, in order to generate income, or in exchange for meals, clothing, a        place to live, or other basic necessities?","Does [BABY’S FATHER] engage in any activities, other than regular paid         employment, in order to generate income, or in exchange for meals, clothing, a        place to live, or other basic necessities?",1,YES,2,NO,-2,DON’T KNOW,nan,,nan,,nan,,nan,,nan,,nan,,nan,,nan,,nan,,nan,,nan,,nan,,nan,,nan,,nan,
298,749,m1i8,Does BF have physical/health condition that limits amount of work he can do?,0,Does [BABY’S FATHER] have any physical or mental health condition that limits the   kind or amount of work he can do?,Does [BABY’S FATHER] have any physical or mental health condition that limits the   kind or amount of work he can do?,1,YES,2,NO,-2,DON’T KNOW,nan,,nan,,nan,,nan,,nan,,nan,,nan,,nan,,nan,,nan,,nan,,nan,,nan,,nan,,nan,
299,750,m1i9,Does BF have a problem keeping a job/friends because of drugs/alc use?,0,Does [BABY’S FATHER] have problems such as keeping a job or getting along with   family and friends because of alcohol or drug use?,Does [BABY’S FATHER] have problems such as keeping a job or getting along with   family and friends because of alcohol or drug use?,1,YES,2,NO,-2,DON’T KNOW,nan,,nan,,nan,,nan,,nan,,nan,,nan,,nan,,nan,,nan,,nan,,nan,,nan,,nan,,nan,
300,751,m1i10,Int chk: Is BF married or living with baby's mother?,0,INTERVIEWER: IS BABY’S FATHER MARRIED TO OR LIVING WITH BABY’S MOTHER?,INTERVIEWER: IS BABY’S FATHER MARRIED TO OR LIVING WITH BABY’S MOTHER?,1 SKIP TO J1,YES,2,NO,-2,DON’T KNOW,nan,,nan,,nan,,nan,,nan,,nan,,nan,,nan,,nan,,nan,,nan,,nan,,nan,,nan,,nan,
301,752,m1i11,Where does BF live most of the time?,0,Where does [BABY’S FATHER] live most of the time?,Where does [BABY’S FATHER] live most of the time?,1,He has his own place,2,He stays with his parent or other relative,3,He stays with friends,4,"Other, not specified",101,INCARCERATED,102,OUT OF AREA/COUNTRY,103,MILITARY,-2,DON’T KNOW,nan,,nan,,nan,,nan,,nan,,nan,,nan,,nan,,nan,,nan,
302,753,m1j1a,In last yr did you have income from earnings?,1,"In the last 12 months, did you have income from any of the following sources?         (HAND CARD 7)",J1A            Earnings,1,YES,2,NO,nan,,nan,,nan,,nan,,nan,,nan,,nan,,nan,,nan,,nan,,nan,,nan,,nan,,nan,,nan,,nan,
303,754,m1j1b,In last yr did you have income from public assistance/welfare/food stamps?,1,"In the last 12 months, did you have income from any of the following sources?         (HAND CARD 7)","J1B            Public assistance, welfare,",1,YES,2,NO,nan,,nan,,nan,,nan,,nan,,nan,,nan,,nan,,nan,,nan,,nan,,nan,,nan,,nan,,nan,,nan,
304,755,m1j1c,In last yr did you have income from Unem.ins/wkmn comp/disability/SS?,1,"In the last 12 months, did you have income from any of the following sources?         (HAND CARD 7)","J1C            Unemployment insurance, workmen’s",1,YES,2,NO,nan,,nan,,nan,,nan,,nan,,nan,,nan,,nan,,nan,,nan,,nan,,nan,,nan,,nan,,nan,,nan,
305,756,m1j1d,In last yr did you have income from from family/friends?,1,"In the last 12 months, did you have income from any of the following sources?         (HAND CARD 7)",J1D            Family and friends,1,YES,2,NO,nan,,nan,,nan,,nan,,nan,,nan,,nan,,nan,,nan,,nan,,nan,,nan,,nan,,nan,,nan,,nan,
306,757,m1j1e,In last yr did you have no income?,1,"In the last 12 months, did you have income from any of the following sources?         (HAND CARD 7)",J1E            None,1,YES,2,NO,2,"$1,000 to $2,999",3,"$3,000 to $3,999",4,"$4,000 to $4,999",5,"$5,000 to $5,999",6,"$6,000 to $6,999",7,"$7,000 to $7,999",8,"$8,000 to $8,999",9,"$9,000 to $9,999",10,"$10,000 to $12,499",11,"$12,500 to $14,999",12,"$15,000 to $17,499",13,"$17,500 to $ 19,999",14,"$20,000 to $24,999",15,"$25,000 or more",-1,REFUSED,-2,DON’T KNOW
307,758,m1j2a,"In last 12 mo, about how much money did you receive from earnings?",1,"In the last 12 months, about how much did you receive from [READ ANSWERS         CHECKED IN J1]? (HAND CARD 7A) [ASK R TO GIVE AMOUNT FOR EACH            SOURCE CIRCLED IN J]",,1,YES,2,NO,nan,,nan,,nan,,nan,,nan,,nan,,nan,,nan,,nan,,nan,,nan,,nan,,nan,,nan,,nan,,nan,
308,759,m1j2b,"In 12 mo, about how much money did you receive from pub. assis/welfare?",1,"In the last 12 months, about how much did you receive from [READ ANSWERS         CHECKED IN J1]? (HAND CARD 7A) [ASK R TO GIVE AMOUNT FOR EACH            SOURCE CIRCLED IN J]","Public Assistance, Welfare, etc",1,YES,2,NO,nan,,nan,,nan,,nan,,nan,,nan,,nan,,nan,,nan,,nan,,nan,,nan,,nan,,nan,,nan,,nan,
309,760,m1j2c,"In last 12 mo, about how much money did you receive from unemployment/SS/disabil",1,"In the last 12 months, about how much did you receive from [READ ANSWERS         CHECKED IN J1]? (HAND CARD 7A) [ASK R TO GIVE AMOUNT FOR EACH            SOURCE CIRCLED IN J]","Unemployment, Social Security, disability, etc",1,YES,2,NO,nan,,nan,,nan,,nan,,nan,,nan,,nan,,nan,,nan,,nan,,nan,,nan,,nan,,nan,,nan,,nan,
310,761,m1j2d,"In last 12 mo, about how much money did you receive from family/friends?",1,"In the last 12 months, about how much did you receive from [READ ANSWERS         CHECKED IN J1]? (HAND CARD 7A) [ASK R TO GIVE AMOUNT FOR EACH            SOURCE CIRCLED IN J]",,1,YES,2,NO,nan,,nan,,nan,,nan,,nan,,nan,,nan,,nan,,nan,,nan,,nan,,nan,,nan,,nan,,nan,,nan,
311,762,mx1j2,"In the last 12 months, about how much money did you receive from (J1)?",1,,"In the version used in first two cities, we only ascertained total earnings (not by source)",1,YES,2,NO,nan,,nan,,nan,,nan,,nan,,nan,,nan,,nan,,nan,,nan,,nan,,nan,,nan,,nan,,nan,,nan,
312,763,m1j3,What was your total household income before taxes in the past 12 months,0,"Thinking about your income and the income of everyone else who lives with you,        what was your total household income before taxes in the past 12 months?       (HAND CARD 7B)","Thinking about your income and the income of everyone else who lives with you,        what was your total household income before taxes in the past 12 months?       (HAND CARD 7B)",1,"Under $5,000",2,"$5,000 to $9,999",3,"$10,000 to $14,999",4,"$15,000 to $19,999",5,"$20,000 to $24,999",6,"$25,000 to $34,999",7,"$35,000 to $49,999",8,"$50,000 to $74,999",9,"Greater than $75,000",-1,REFUSED,-2,DON’T KNOW,nan,,nan,,nan,,nan,,nan,,nan,,nan,
313,764,m1j4,What would be the hourly wage in order for you to take a job?,0,"At the end of the month, do you usually have","At the end of the month, do you usually have",1,Some money left over,2,Just enough to make ends meet,3,Not enough to make ends meet,nan,,nan,,nan,,nan,,nan,,nan,,nan,,nan,,nan,,nan,,nan,,nan,,nan,,nan,,nan,
314,765,m1j5,Do you own a car?,0,Do you own a car?,Do you own a car?,1,YES,2,NO,nan,,nan,,nan,,nan,,nan,,nan,,nan,,nan,,nan,,nan,,nan,,nan,,nan,,nan,,nan,,nan,
